Date,HomeTeam,AwayTeam,FTHG,FTAG,FTR,B365H,B365D,B365A
12/09/2020,Fulham,Arsenal,0,3,A,6.0,4.33,1.53
12/09/2020,Crystal Palace,Southampton,1,0,H,3.1,3.25,2.37
12/09/2020,Liverpool,Leeds,4,3,H,1.28,6.0,9.5
12/09/2020,West Ham,Newcastle,0,2,A,2.15,3.4,3.4
13/09/2020,West Brom,Leicester,0,3,A,3.8,3.6,1.95
13/09/2020,Tottenham,Everton,0,1,A,1.83,3.6,4.33
14/09/2020,Brighton,Chelsea,1,3,A,5.0,4.33,1.61
14/09/2020,Sheffield United,Wolves,0,2,A,3.25,3.1,2.37
19/09/2020,Everton,West Brom,5,2,H,1.5,4.2,6.5
19/09/2020,Leeds,Fulham,4,3,H,1.61,3.9,5.75
19/09/2020,Man United,Crystal Palace,1,3,A,1.3,5.5,9.5
19/09/2020,Arsenal,West Ham,2,1,H,1.53,4.5,5.5
20/09/2020,Southampton,Tottenham,2,5,A,3.0,3.3,2.37
20/09/2020,Newcastle,Brighton,0,3,A,2.6,3.1,2.87
20/09/2020,Chelsea,Liverpool,0,2,A,3.1,3.6,2.2
20/09/2020,Leicester,Burnley,4,2,H,1.61,4.0,5.5
21/09/2020,Aston Villa,Sheffield United,1,0,H,2.7,3.1,2.75
21/09/2020,Wolves,Man City,1,3,A,6.5,4.33,1.5
26/09/2020,Brighton,Man United,2,3,A,4.75,3.75,1.72
26/09/2020,Crystal Palace,Everton,1,2,A,3.75,3.25,2.1
26/09/2020,West Brom,Chelsea,3,3,D,9.0,4.75,1.36
26/09/2020,Burnley,Southampton,0,1,A,3.2,3.3,2.3
27/09/2020,Sheffield United,Leeds,0,1,A,2.7,3.3,2.62
27/09/2020,Tottenham,Newcastle,1,1,D,1.45,4.5,7.0
27/09/2020,Man City,Leicester,2,5,A,1.28,6.0,9.5
27/09/2020,West Ham,Wolves,4,0,H,3.6,3.5,2.05
28/09/2020,Fulham,Aston Villa,0,3,A,2.9,3.25,2.5
28/09/2020,Liverpool,Arsenal,3,1,H,1.45,4.75,6.5
03/10/2020,Chelsea,Crystal Palace,4,0,H,1.4,4.75,8.0
03/10/2020,Everton,Brighton,4,2,H,1.72,3.75,4.8
03/10/2020,Leeds,Man City,1,1,D,7.5,5.25,1.36
03/10/2020,Newcastle,Burnley,3,1,H,2.4,3.2,3.1
04/10/2020,Leicester,West Ham,0,3,A,1.61,4.2,5.25
04/10/2020,Southampton,West Brom,2,0,H,1.72,3.8,4.75
04/10/2020,Arsenal,Sheffield United,2,1,H,1.57,4.0,6.0
04/10/2020,Wolves,Fulham,1,0,H,1.5,4.0,7.5
04/10/2020,Man United,Tottenham,1,6,A,1.85,3.8,4.0
04/10/2020,Aston Villa,Liverpool,7,2,H,10.0,5.5,1.3
17/10/2020,Everton,Liverpool,2,2,D,3.75,4.2,1.83
17/10/2020,Chelsea,Southampton,3,3,D,1.45,4.75,6.5
17/10/2020,Man City,Arsenal,1,0,H,1.44,5.0,6.5
17/10/2020,Newcastle,Man United,1,4,A,4.75,4.0,1.66
18/10/2020,Sheffield United,Fulham,1,1,D,2.1,3.3,3.7
18/10/2020,Crystal Palace,Brighton,1,1,D,2.62,3.3,2.7
18/10/2020,Tottenham,West Ham,3,3,D,1.57,4.33,5.5
18/10/2020,Leicester,Aston Villa,0,1,A,1.83,3.8,4.1
19/10/2020,West Brom,Burnley,0,0,D,2.45,3.3,2.9
19/10/2020,Leeds,Wolves,0,1,A,2.5,3.3,2.87
23/10/2020,Aston Villa,Leeds,0,3,A,2.05,3.75,3.3
24/10/2020,West Ham,Man City,1,1,D,8.0,5.25,1.36
24/10/2020,Fulham,Crystal Palace,1,2,A,2.75,3.1,2.7
24/10/2020,Man United,Chelsea,0,0,D,2.37,3.6,2.8
24/10/2020,Liverpool,Sheffield United,2,1,H,1.22,6.5,12.0
25/10/2020,Southampton,Everton,2,0,H,2.75,3.4,2.55
25/10/2020,Wolves,Newcastle,1,1,D,1.75,3.5,5.25
25/10/2020,Arsenal,Leicester,0,1,A,1.9,3.75,3.8
26/10/2020,Brighton,West Brom,1,1,D,1.7,4.0,4.75
26/10/2020,Burnley,Tottenham,0,1,A,5.75,4.0,1.6
30/10/2020,Wolves,Crystal Palace,2,0,H,2.0,3.2,4.33
31/10/2020,Sheffield United,Man City,0,1,A,9.5,6.0,1.28
31/10/2020,Burnley,Chelsea,0,3,A,6.0,4.5,1.5
31/10/2020,Liverpool,West Ham,2,1,H,1.36,5.25,7.5
01/11/2020,Aston Villa,Southampton,3,4,A,2.45,3.5,2.8
01/11/2020,Newcastle,Everton,2,1,H,3.7,3.4,2.05
01/11/2020,Man United,Arsenal,0,1,A,2.0,3.6,3.6
01/11/2020,Tottenham,Brighton,2,1,H,1.61,4.0,5.5
02/11/2020,Fulham,West Brom,2,0,H,2.4,3.3,3.0
02/11/2020,Leeds,Leicester,1,4,A,2.5,3.6,2.62
06/11/2020,Brighton,Burnley,0,0,D,1.85,3.5,4.33
06/11/2020,Southampton,Newcastle,2,0,H,2.0,3.6,3.7
07/11/2020,Everton,Man United,1,3,A,2.9,3.5,2.37
07/11/2020,Crystal Palace,Leeds,4,1,H,2.87,3.4,2.45
07/11/2020,Chelsea,Sheffield United,4,1,H,1.36,5.0,8.5
07/11/2020,West Ham,Fulham,1,0,H,1.83,3.75,4.2
08/11/2020,West Brom,Tottenham,0,1,A,7.0,4.33,1.45
08/11/2020,Leicester,Wolves,1,0,H,2.3,3.2,3.25
08/11/2020,Man City,Liverpool,1,1,D,1.95,4.2,3.4
08/11/2020,Arsenal,Aston Villa,0,3,A,1.65,4.1,5.0
21/11/2020,Newcastle,Chelsea,0,2,A,6.5,4.75,1.45
21/11/2020,Aston Villa,Brighton,1,2,A,2.15,3.6,3.2
21/11/2020,Tottenham,Man City,2,0,H,4.0,4.0,1.8
21/11/2020,Man United,West Brom,1,0,H,1.3,5.5,9.5
22/11/2020,Fulham,Everton,2,3,A,3.9,3.9,1.85
22/11/2020,Sheffield United,West Ham,0,1,A,3.0,3.25,2.4
22/11/2020,Leeds,Arsenal,0,0,D,3.0,3.75,2.2
22/11/2020,Liverpool,Leicester,3,0,H,1.85,4.0,3.8
23/11/2020,Burnley,Crystal Palace,1,0,H,2.75,3.1,2.75
23/11/2020,Wolves,Southampton,1,1,D,2.3,3.25,3.25
27/11/2020,Crystal Palace,Newcastle,0,2,A,2.05,3.25,3.75
28/11/2020,Brighton,Liverpool,1,1,D,5.5,4.2,1.57
28/11/2020,Man City,Burnley,5,0,H,1.16,7.5,16.0
28/11/2020,Everton,Leeds,0,1,A,1.95,3.8,3.6
28/11/2020,West Brom,Sheffield United,1,0,H,2.6,3.2,2.8
29/11/2020,Southampton,Man United,2,3,A,4.0,3.5,1.95
29/11/2020,Chelsea,Tottenham,0,0,D,2.05,3.5,3.6
29/11/2020,Arsenal,Wolves,1,2,A,2.05,3.4,3.75
30/11/2020,Leicester,Fulham,1,2,A,1.5,4.33,6.5
30/11/2020,West Ham,Aston Villa,2,1,H,2.25,3.6,3.0
05/12/2020,Burnley,Everton,1,1,D,4.0,3.5,1.9
05/12/2020,Man City,Fulham,2,0,H,1.1,11.0,19.0
05/12/2020,West Ham,Man United,1,3,A,3.6,3.6,2.0
05/12/2020,Chelsea,Leeds,3,1,H,1.5,4.5,6.0
06/12/2020,West Brom,Crystal Palace,1,5,A,2.87,3.2,2.55
06/12/2020,Sheffield United,Leicester,1,2,A,3.8,3.5,1.95
06/12/2020,Tottenham,Arsenal,2,0,H,1.95,3.6,3.8
06/12/2020,Liverpool,Wolves,4,0,H,1.5,4.33,6.5
07/12/2020,Brighton,Southampton,1,2,A,2.45,3.4,2.9
11/12/2020,Leeds,West Ham,1,2,A,2.15,3.7,3.1
12/12/2020,Wolves,Aston Villa,0,1,A,2.25,3.25,3.25
12/12/2020,Newcastle,West Brom,2,1,H,2.45,3.2,3.0
12/12/2020,Man United,Man City,0,0,D,4.33,4.2,1.72
12/12/2020,Everton,Chelsea,1,0,H,4.33,4.2,1.7
13/12/2020,Southampton,Sheffield United,3,0,H,1.7,3.75,5.0
13/12/2020,Crystal Palace,Tottenham,1,1,D,4.5,3.9,1.72
13/12/2020,Fulham,Liverpool,1,1,D,9.0,5.5,1.3
13/12/2020,Arsenal,Burnley,0,1,A,1.53,4.2,6.25
13/12/2020,Leicester,Brighton,3,0,H,2.0,3.5,3.8
15/12/2020,Wolves,Chelsea,2,1,H,5.25,3.8,1.66
15/12/2020,Man City,West Brom,1,1,D,1.09,11.0,21.0
16/12/2020,Arsenal,Southampton,1,1,D,2.25,3.5,3.1
16/12/2020,Leeds,Newcastle,5,2,H,1.75,4.0,4.33
16/12/2020,Leicester,Everton,0,2,A,2.15,3.6,3.25
16/12/2020,Fulham,Brighton,0,0,D,2.87,3.3,2.5
16/12/2020,Liverpool,Tottenham,2,1,H,1.75,3.8,4.5
16/12/2020,West Ham,Crystal Palace,1,1,D,2.05,3.4,3.6
17/12/2020,Aston Villa,Burnley,0,0,D,1.75,3.8,4.5
17/12/2020,Sheffield United,Man United,2,3,A,7.0,4.6,1.44
19/12/2020,Crystal Palace,Liverpool,0,7,A,6.5,4.33,1.5
19/12/2020,Southampton,Man City,0,1,A,7.0,4.5,1.44
19/12/2020,Everton,Arsenal,2,1,H,2.45,3.5,2.8
19/12/2020,Newcastle,Fulham,1,1,D,2.5,3.25,2.9
20/12/2020,Brighton,Sheffield United,1,1,D,1.65,3.75,5.5
20/12/2020,Tottenham,Leicester,0,2,A,2.05,3.5,3.6
20/12/2020,Man United,Leeds,6,2,H,1.66,4.33,4.5
20/12/2020,West Brom,Aston Villa,0,3,A,3.6,3.8,1.95
21/12/2020,Burnley,Wolves,2,1,H,3.5,3.25,2.2
21/12/2020,Chelsea,West Ham,3,0,H,1.44,5.0,6.25
26/12/2020,Leicester,Man United,2,2,D,2.9,3.6,2.3
26/12/2020,Aston Villa,Crystal Palace,3,0,H,1.9,3.75,3.8
26/12/2020,Fulham,Southampton,0,0,D,3.2,3.3,2.3
26/12/2020,Arsenal,Chelsea,3,1,H,4.0,3.6,1.9
26/12/2020,Man City,Newcastle,2,0,H,1.11,10.0,19.0
26/12/2020,Sheffield United,Everton,0,1,A,4.2,3.6,1.85
27/12/2020,Leeds,Burnley,1,0,H,1.72,4.0,4.33
27/12/2020,West Ham,Brighton,2,2,D,2.3,3.4,3.1
27/12/2020,Liverpool,West Brom,1,1,D,1.11,10.0,19.0
27/12/2020,Wolves,Tottenham,1,1,D,3.6,3.25,2.15
28/12/2020,Crystal Palace,Leicester,1,1,D,3.75,3.5,2.0
28/12/2020,Chelsea,Aston Villa,1,1,D,1.61,4.2,5.0
29/12/2020,Brighton,Arsenal,0,1,A,3.25,3.5,2.2
29/12/2020,Burnley,Sheffield United,1,0,H,2.37,3.1,3.25
29/12/2020,Southampton,West Ham,0,0,D,2.1,3.6,3.4
29/12/2020,West Brom,Leeds,0,5,A,3.6,3.6,2.0
29/12/2020,Man United,Wolves,1,0,H,1.53,4.2,6.25
30/12/2020,Newcastle,Liverpool,0,0,D,12.0,6.0,1.25
01/01/2021,Everton,West Ham,0,1,A,2.1,3.5,3.5
01/01/2021,Man United,Aston Villa,2,1,H,1.72,4.2,4.2
02/01/2021,Tottenham,Leeds,3,0,H,1.75,4.1,4.2
02/01/2021,Crystal Palace,Sheffield United,2,0,H,1.95,3.5,3.9
02/01/2021,Brighton,Wolves,3,3,D,2.62,3.25,2.75
02/01/2021,West Brom,Arsenal,0,4,A,5.75,4.0,1.57
03/01/2021,Newcastle,Leicester,1,2,A,5.25,4.2,1.61
03/01/2021,Chelsea,Man City,1,3,A,3.0,3.7,2.2
04/01/2021,Southampton,Liverpool,1,0,H,5.0,4.33,1.61
12/01/2021,Sheffield United,Newcastle,1,0,H,2.45,3.1,3.1
12/01/2021,Burnley,Man United,0,1,A,7.0,4.5,1.45
12/01/2021,Wolves,Everton,1,2,A,2.45,3.1,3.1
13/01/2021,Man City,Brighton,1,0,H,1.14,8.5,16.0
13/01/2021,Tottenham,Fulham,1,1,D,1.36,5.0,8.5
14/01/2021,Arsenal,Crystal Palace,0,0,D,1.53,4.0,6.5
16/01/2021,Wolves,West Brom,2,3,A,1.6,3.5,7.0
16/01/2021,Leeds,Brighton,0,1,A,2.1,3.5,3.4
16/01/2021,West Ham,Burnley,1,0,H,1.8,3.5,4.75
16/01/2021,Fulham,Chelsea,0,1,A,6.5,4.33,1.5
16/01/2021,Leicester,Southampton,2,0,H,1.8,3.75,4.5
17/01/2021,Sheffield United,Tottenham,1,3,A,6.25,3.75,1.6
17/01/2021,Liverpool,Man United,0,0,D,1.95,3.8,3.6
17/01/2021,Man City,Crystal Palace,4,0,H,1.14,8.5,17.0
18/01/2021,Arsenal,Newcastle,3,0,H,1.4,4.5,8.0
19/01/2021,West Ham,West Brom,2,1,H,1.57,4.2,5.5
19/01/2021,Leicester,Chelsea,2,0,H,2.87,3.4,2.45
20/01/2021,Man City,Aston Villa,2,0,H,1.22,6.5,12.0
20/01/2021,Fulham,Man United,1,2,A,6.0,4.33,1.53
21/01/2021,Liverpool,Burnley,0,1,A,1.18,7.5,15.0
23/01/2021,Aston Villa,Newcastle,2,0,H,1.45,4.75,6.5
26/01/2021,Crystal Palace,West Ham,2,3,A,3.1,3.25,2.37
26/01/2021,Newcastle,Leeds,1,2,A,3.9,3.8,1.85
26/01/2021,Southampton,Arsenal,1,3,A,3.5,3.6,2.05
26/01/2021,West Brom,Man City,0,5,A,15.0,7.5,1.18
27/01/2021,Burnley,Aston Villa,3,2,H,3.8,3.5,1.95
27/01/2021,Chelsea,Wolves,0,0,D,1.6,4.2,5.25
27/01/2021,Brighton,Fulham,0,0,D,2.05,3.4,3.75
27/01/2021,Everton,Leicester,1,1,D,2.8,3.3,2.55
27/01/2021,Man United,Sheffield United,1,2,A,1.25,6.0,11.0
28/01/2021,Tottenham,Liverpool,1,3,A,3.2,3.6,2.2
30/01/2021,Everton,Newcastle,0,2,A,1.55,4.0,6.5
30/01/2021,Crystal Palace,Wolves,1,0,H,2.87,3.2,2.55
30/01/2021,Man City,Sheffield United,1,0,H,1.12,9.0,18.0
30/01/2021,West Brom,Fulham,2,2,D,3.3,3.2,2.3
30/01/2021,Arsenal,Man United,0,0,D,2.8,3.5,2.45
30/01/2021,Southampton,Aston Villa,0,1,A,2.8,3.6,2.37
31/01/2021,Chelsea,Burnley,2,0,H,1.33,5.0,9.5
31/01/2021,Leicester,Leeds,1,3,A,1.8,4.0,4.2
31/01/2021,West Ham,Liverpool,1,3,A,4.33,4.0,1.75
31/01/2021,Brighton,Tottenham,1,0,H,3.2,3.4,2.25
02/02/2021,Sheffield United,West Brom,2,1,H,2.0,3.3,4.0
02/02/2021,Wolves,Arsenal,2,1,H,3.6,3.3,2.1
02/02/2021,Man United,Southampton,9,0,H,1.4,4.75,7.0
02/02/2021,Newcastle,Crystal Palace,1,2,A,2.8,3.2,2.6
03/02/2021,Burnley,Man City,0,2,A,13.0,7.0,1.2
03/02/2021,Fulham,Leicester,0,2,A,4.0,3.5,1.9
03/02/2021,Leeds,Everton,1,2,A,2.5,3.5,2.7
03/02/2021,Aston Villa,West Ham,1,3,A,2.2,3.4,3.25
03/02/2021,Liverpool,Brighton,0,1,A,1.33,5.25,9.0
04/02/2021,Tottenham,Chelsea,0,1,A,3.5,3.4,2.1
06/02/2021,Aston Villa,Arsenal,1,0,H,2.62,3.5,2.6
06/02/2021,Burnley,Brighton,1,1,D,3.6,3.1,2.2
06/02/2021,Newcastle,Southampton,3,2,H,3.0,3.3,2.4
06/02/2021,Fulham,West Ham,0,0,D,3.6,3.5,2.05
06/02/2021,Man United,Everton,3,3,D,1.53,4.2,6.0
07/02/2021,Tottenham,West Brom,2,0,H,1.45,4.5,7.0
07/02/2021,Wolves,Leicester,0,0,D,3.5,3.4,2.1
07/02/2021,Liverpool,Man City,1,4,A,3.4,3.6,2.05
07/02/2021,Sheffield United,Chelsea,1,2,A,7.0,4.5,1.45
08/02/2021,Leeds,Crystal Palace,2,0,H,1.8,3.8,4.2
13/02/2021,Leicester,Liverpool,3,1,H,3.5,3.4,2.1
13/02/2021,Crystal Palace,Burnley,0,3,A,2.37,3.1,3.2
13/02/2021,Man City,Tottenham,3,0,H,1.28,5.75,9.5
13/02/2021,Brighton,Aston Villa,0,0,D,2.7,3.5,2.5
14/02/2021,Southampton,Wolves,1,2,A,2.37,3.2,3.1
14/02/2021,West Brom,Man United,1,1,D,10.0,5.5,1.3
14/02/2021,Arsenal,Leeds,4,2,H,1.83,3.8,4.0
14/02/2021,Everton,Fulham,0,2,A,1.85,3.6,4.2
15/02/2021,West Ham,Sheffield United,3,0,H,1.66,3.75,5.25
15/02/2021,Chelsea,Newcastle,2,0,H,1.22,6.5,12.0
17/02/2021,Burnley,Fulham,1,1,D,2.75,3.2,2.7
17/02/2021,Everton,Man City,1,3,A,8.5,5.5,1.33
19/02/2021,Wolves,Leeds,1,0,H,2.37,3.3,3.0
20/02/2021,Southampton,Chelsea,1,1,D,5.0,3.8,1.7
20/02/2021,Burnley,West Brom,0,0,D,2.0,3.3,4.0
20/02/2021,Liverpool,Everton,0,2,A,1.44,4.5,7.0
20/02/2021,Fulham,Sheffield United,1,0,H,2.15,3.2,3.6
21/02/2021,West Ham,Tottenham,2,1,H,2.62,3.4,2.7
21/02/2021,Aston Villa,Leicester,1,2,A,2.87,3.5,2.4
21/02/2021,Arsenal,Man City,0,1,A,6.5,4.33,1.5
21/02/2021,Man United,Newcastle,3,1,H,1.28,5.5,10.0
22/02/2021,Brighton,Crystal Palace,1,2,A,1.7,3.5,5.5
23/02/2021,Leeds,Southampton,3,0,H,2.25,3.5,3.1
27/02/2021,Man City,West Ham,2,1,H,1.22,6.5,12.0
27/02/2021,West Brom,Brighton,1,0,H,4.2,3.3,1.95
27/02/2021,Leeds,Aston Villa,0,1,A,2.15,3.6,3.2
27/02/2021,Newcastle,Wolves,1,1,D,3.5,3.2,2.2
28/02/2021,Crystal Palace,Fulham,0,0,D,3.5,3.2,2.2
28/02/2021,Leicester,Arsenal,1,3,A,2.5,3.4,2.8
28/02/2021,Tottenham,Burnley,4,0,H,1.53,4.0,6.5
28/02/2021,Chelsea,Man United,0,0,D,2.15,3.4,3.4
28/02/2021,Sheffield United,Liverpool,0,2,A,8.0,5.0,1.36
01/03/2021,Everton,Southampton,1,0,H,2.15,3.5,3.3
02/03/2021,Man City,Wolves,4,1,H,1.18,7.0,15.0
03/03/2021,Burnley,Leicester,1,1,D,4.0,3.25,2.0
03/03/2021,Sheffield United,Aston Villa,1,0,H,3.75,3.4,2.05
03/03/2021,Crystal Palace,Man United,0,0,D,8.0,4.75,1.4
04/03/2021,Fulham,Tottenham,0,1,A,4.0,3.6,1.9
04/03/2021,West Brom,Everton,0,1,A,4.33,3.6,1.83
04/03/2021,Liverpool,Chelsea,0,1,A,2.25,3.6,3.0
06/03/2021,Burnley,Arsenal,1,1,D,5.5,4.0,1.61
06/03/2021,Sheffield United,Southampton,0,2,A,3.6,3.5,2.0
06/03/2021,Aston Villa,Wolves,0,0,D,2.37,3.25,3.1
06/03/2021,Brighton,Leicester,1,2,A,2.55,3.25,2.8
07/03/2021,West Brom,Newcastle,0,0,D,2.37,3.2,3.1
07/03/2021,Liverpool,Fulham,0,1,A,1.36,5.0,8.5
07/03/2021,Man City,Man United,0,2,A,1.45,4.5,7.0
07/03/2021,Tottenham,Crystal Palace,4,1,H,1.45,4.5,7.0
08/03/2021,Chelsea,Everton,2,0,H,1.53,4.0,6.5
08/03/2021,West Ham,Leeds,2,0,H,2.05,3.6,3.5
10/03/2021,Man City,Southampton,5,2,H,1.18,7.5,15.0
12/03/2021,Newcastle,Aston Villa,1,1,D,3.8,3.3,2.05
13/03/2021,Leeds,Chelsea,0,0,D,4.75,4.0,1.7
13/03/2021,Crystal Palace,West Brom,1,0,H,2.15,3.2,3.6
13/03/2021,Everton,Burnley,1,2,A,1.83,3.5,4.5
13/03/2021,Fulham,Man City,0,3,A,10.0,5.0,1.33
14/03/2021,Southampton,Brighton,1,2,A,2.9,3.1,2.5
14/03/2021,Leicester,Sheffield United,5,0,H,1.5,4.2,6.5
14/03/2021,Arsenal,Tottenham,2,1,H,2.55,3.4,2.75
14/03/2021,Man United,West Ham,1,0,H,1.83,3.6,4.33
15/03/2021,Wolves,Liverpool,0,1,A,4.75,3.75,1.72
19/03/2021,Fulham,Leeds,1,2,A,2.37,3.4,3.0
20/03/2021,Brighton,Newcastle,3,0,H,1.66,3.5,6.0
21/03/2021,West Ham,Arsenal,3,3,D,2.8,3.5,2.45
21/03/2021,Aston Villa,Tottenham,0,2,A,2.9,3.3,2.45
03/04/2021,Chelsea,West Brom,2,5,A,1.22,6.0,15.0
03/04/2021,Leeds,Sheffield United,2,1,H,1.5,4.33,6.5
03/04/2021,Leicester,Man City,0,2,A,6.0,4.2,1.53
03/04/2021,Arsenal,Liverpool,0,3,A,3.1,3.7,2.15
04/04/2021,Southampton,Burnley,3,2,H,2.05,3.3,3.8
04/04/2021,Newcastle,Tottenham,2,2,D,5.5,4.0,1.6
04/04/2021,Aston Villa,Fulham,3,1,H,2.25,3.3,3.3
04/04/2021,Man United,Brighton,2,1,H,1.61,4.0,5.5
05/04/2021,Everton,Crystal Palace,1,1,D,1.75,3.5,5.0
05/04/2021,Wolves,West Ham,2,3,A,2.87,3.2,2.55
09/04/2021,Fulham,Wolves,0,1,A,2.5,3.0,3.1
10/04/2021,Man City,Leeds,1,2,A,1.28,5.75,10.0
10/04/2021,Liverpool,Aston Villa,2,1,H,1.5,4.33,6.5
10/04/2021,Crystal Palace,Chelsea,1,4,A,7.0,3.8,1.53
11/04/2021,Burnley,Newcastle,1,2,A,2.3,3.1,3.4
11/04/2021,West Ham,Leicester,3,2,H,3.0,3.3,2.37
11/04/2021,Tottenham,Man United,1,3,A,2.87,3.4,2.45
11/04/2021,Sheffield United,Arsenal,0,3,A,6.5,3.75,1.57
12/04/2021,West Brom,Southampton,3,0,H,3.6,3.3,2.1
12/04/2021,Brighton,Everton,0,0,D,2.25,3.3,3.3
16/04/2021,Everton,Tottenham,2,2,D,3.4,3.5,2.1
17/04/2021,Newcastle,West Ham,3,2,H,3.5,3.5,2.05
17/04/2021,Wolves,Sheffield United,1,0,H,1.66,3.5,5.75
18/04/2021,Arsenal,Fulham,1,1,D,1.7,3.8,4.8
18/04/2021,Man United,Burnley,3,1,H,1.33,5.25,9.0
19/04/2021,Leeds,Liverpool,1,1,D,4.5,4.33,1.66
20/04/2021,Chelsea,Brighton,0,0,D,1.57,4.0,6.0
21/04/2021,Tottenham,Southampton,2,1,H,1.75,3.8,4.5
21/04/2021,Aston Villa,Man City,1,2,A,9.0,4.75,1.36
22/04/2021,Leicester,West Brom,3,0,H,1.53,3.8,6.0
23/04/2021,Arsenal,Everton,0,1,A,2.0,3.5,3.75
24/04/2021,Liverpool,Newcastle,1,1,D,1.22,6.5,12.0
24/04/2021,West Ham,Chelsea,0,1,A,4.75,3.6,1.75
24/04/2021,Sheffield United,Brighton,1,0,H,5.25,3.4,1.75
25/04/2021,Wolves,Burnley,0,4,A,2.0,3.4,3.9
25/04/2021,Leeds,Man United,0,0,D,4.0,4.2,1.75
25/04/2021,Aston Villa,West Brom,2,2,D,1.85,3.6,4.2
26/04/2021,Leicester,Crystal Palace,2,1,H,1.4,4.33,8.5
30/04/2021,Southampton,Leicester,1,1,D,3.8,3.8,1.9
01/05/2021,Crystal Palace,Man City,0,2,A,10.0,5.0,1.33
01/05/2021,Brighton,Leeds,2,0,H,2.05,3.5,3.5
01/05/2021,Chelsea,Fulham,2,0,H,1.44,4.4,7.5
01/05/2021,Everton,Aston Villa,1,2,A,1.95,3.6,3.8
02/05/2021,Newcastle,Arsenal,0,2,A,3.6,3.6,2.0
02/05/2021,Tottenham,Sheffield United,4,0,H,1.25,6.0,12.0
03/05/2021,West Brom,Wolves,1,1,D,2.9,3.2,2.5
03/05/2021,Burnley,West Ham,1,2,A,3.1,3.6,2.2
07/05/2021,Leicester,Newcastle,2,4,A,1.4,4.75,8.0
08/05/2021,Leeds,Tottenham,3,1,H,3.4,3.8,2.0
08/05/2021,Sheffield United,Crystal Palace,0,2,A,3.0,3.2,2.45
08/05/2021,Man City,Chelsea,1,2,A,1.9,3.4,4.2
08/05/2021,Liverpool,Southampton,2,0,H,1.25,6.0,11.0
09/05/2021,Wolves,Brighton,2,1,H,3.3,3.3,2.2
09/05/2021,Aston Villa,Man United,1,3,A,4.2,3.8,1.8
09/05/2021,West Ham,Everton,0,1,A,2.2,3.5,3.2
09/05/2021,Arsenal,West Brom,3,1,H,1.44,4.5,7.0
10/05/2021,Fulham,Burnley,0,2,A,2.2,3.4,3.3
11/05/2021,Man United,Leicester,1,2,A,2.5,3.4,2.8
11/05/2021,Southampton,Crystal Palace,3,1,H,2.05,3.6,3.5
12/05/2021,Chelsea,Arsenal,0,1,A,1.65,4.0,5.0
13/05/2021,Aston Villa,Everton,0,0,D,2.7,3.4,2.6
13/05/2021,Man United,Liverpool,2,4,A,3.0,3.75,2.2
14/05/2021,Newcastle,Man City,3,4,A,11.0,6.0,1.25
15/05/2021,Burnley,Leeds,0,4,A,3.2,3.75,2.1
15/05/2021,Southampton,Fulham,3,1,H,2.0,3.6,3.6
15/05/2021,Brighton,West Ham,1,1,D,2.9,3.6,2.3
16/05/2021,Crystal Palace,Aston Villa,3,2,H,3.0,3.6,2.25
16/05/2021,Tottenham,Wolves,2,0,H,1.5,4.33,6.5
16/05/2021,West Brom,Liverpool,1,2,A,12.0,6.5,1.22
16/05/2021,Everton,Sheffield United,0,1,A,1.36,4.75,8.5
18/05/2021,Man United,Fulham,1,1,D,1.28,6.0,9.0
18/05/2021,Southampton,Leeds,0,2,A,2.55,3.9,2.5
18/05/2021,Brighton,Man City,3,2,H,7.0,4.5,1.45
18/05/2021,Chelsea,Leicester,2,1,H,1.7,3.75,5.0
19/05/2021,Everton,Wolves,1,0,H,1.85,3.6,4.2
19/05/2021,Newcastle,Sheffield United,1,0,H,1.72,3.8,4.75
19/05/2021,Tottenham,Aston Villa,1,2,A,1.5,4.5,6.0
19/05/2021,Crystal Palace,Arsenal,1,3,A,6.0,4.5,1.5
19/05/2021,Burnley,Liverpool,0,3,A,11.0,7.0,1.22
19/05/2021,West Brom,West Ham,1,3,A,5.0,4.33,1.6
23/05/2021,Arsenal,Brighton,2,0,H,1.57,4.33,5.25
23/05/2021,Aston Villa,Chelsea,2,1,H,6.5,4.6,1.45
23/05/2021,Fulham,Newcastle,0,2,A,2.05,3.8,3.3
23/05/2021,Leeds,West Brom,3,1,H,1.4,5.25,6.5
23/05/2021,Leicester,Tottenham,2,4,A,2.0,4.0,3.3
23/05/2021,Liverpool,Crystal Palace,2,0,H,1.14,8.5,15.0
23/05/2021,Man City,Everton,5,0,H,1.44,5.0,6.5
23/05/2021,Sheffield United,Burnley,1,0,H,2.8,3.6,2.4
23/05/2021,West Ham,Southampton,3,0,H,1.65,4.0,5.0
23/05/2021,Wolves,Man United,1,2,A,2.5,3.5,2.7
13/08/2021,Brentford,Arsenal,2,0,H,4.0,3.4,1.95
14/08/2021,Man United,Leeds,5,1,H,1.53,4.5,5.75
14/08/2021,Burnley,Brighton,1,2,A,3.1,3.1,2.45
14/08/2021,Chelsea,Crystal Palace,3,0,H,1.25,5.75,13.0
14/08/2021,Everton,Southampton,3,1,H,1.9,3.5,4.0
14/08/2021,Leicester,Wolves,1,0,H,1.66,3.8,5.25
14/08/2021,Watford,Aston Villa,3,2,H,3.1,3.2,2.37
14/08/2021,Norwich,Liverpool,0,3,A,9.0,5.75,1.3
15/08/2021,Newcastle,West Ham,2,4,A,3.2,3.5,2.2
15/08/2021,Tottenham,Man City,1,0,H,5.5,4.2,1.6
21/08/2021,Liverpool,Burnley,2,0,H,1.18,7.5,13.0
21/08/2021,Aston Villa,Newcastle,2,0,H,1.8,3.75,4.33
21/08/2021,Crystal Palace,Brentford,0,0,D,2.55,3.2,2.87
21/08/2021,Leeds,Everton,2,2,D,2.37,3.4,3.0
21/08/2021,Man City,Norwich,5,0,H,1.08,11.0,26.0
21/08/2021,Brighton,Watford,2,0,H,1.7,3.5,5.75
22/08/2021,Southampton,Man United,1,1,D,5.5,4.2,1.57
22/08/2021,Wolves,Tottenham,0,1,A,3.2,3.2,2.35
22/08/2021,Arsenal,Chelsea,0,2,A,4.75,3.75,1.72
23/08/2021,West Ham,Leicester,4,1,H,2.5,3.5,2.75
28/08/2021,Man City,Arsenal,5,0,H,1.25,6.0,12.0
28/08/2021,Aston Villa,Brentford,1,1,D,1.95,3.6,3.8
28/08/2021,Brighton,Everton,0,2,A,2.3,3.2,3.3
28/08/2021,Newcastle,Southampton,2,2,D,2.5,3.4,2.8
28/08/2021,Norwich,Leicester,1,2,A,4.5,3.5,1.85
28/08/2021,West Ham,Crystal Palace,2,2,D,1.55,4.0,6.5
28/08/2021,Liverpool,Chelsea,1,1,D,2.45,3.3,2.9
29/08/2021,Burnley,Leeds,1,1,D,3.1,3.5,2.25
29/08/2021,Tottenham,Watford,1,0,H,1.36,4.75,9.0
29/08/2021,Wolves,Man United,0,1,A,5.0,3.5,1.75
11/09/2021,Crystal Palace,Tottenham,3,0,H,4.2,3.5,1.9
11/09/2021,Arsenal,Norwich,1,0,H,1.5,4.6,6.0
11/09/2021,Brentford,Brighton,0,1,A,2.8,3.2,2.62
11/09/2021,Leicester,Man City,0,1,A,6.0,4.0,1.57
11/09/2021,Man United,Newcastle,4,1,H,1.18,7.5,15.0
11/09/2021,Southampton,West Ham,0,0,D,2.9,3.5,2.4
11/09/2021,Watford,Wolves,0,2,A,3.4,3.2,2.25
11/09/2021,Chelsea,Aston Villa,3,0,H,1.28,5.5,11.0
12/09/2021,Leeds,Liverpool,0,3,A,4.33,4.0,1.75
13/09/2021,Everton,Burnley,3,1,H,1.7,3.75,5.0
17/09/2021,Newcastle,Leeds,1,1,D,3.0,3.6,2.3
18/09/2021,Wolves,Brentford,0,2,A,1.83,3.25,5.0
18/09/2021,Burnley,Arsenal,0,1,A,3.8,3.6,1.95
18/09/2021,Liverpool,Crystal Palace,3,0,H,1.2,7.0,13.0
18/09/2021,Man City,Southampton,0,0,D,1.12,9.5,17.0
18/09/2021,Norwich,Watford,1,3,A,2.15,3.3,3.5
18/09/2021,Aston Villa,Everton,3,0,H,2.4,3.3,3.0
19/09/2021,Brighton,Leicester,2,1,H,2.7,3.2,2.75
19/09/2021,West Ham,Man United,1,2,A,4.33,4.0,1.75
19/09/2021,Tottenham,Chelsea,0,3,A,5.0,3.8,1.7
25/09/2021,Chelsea,Man City,0,1,A,2.62,3.2,2.75
25/09/2021,Man United,Aston Villa,0,1,A,1.36,5.25,8.0
25/09/2021,Everton,Norwich,2,0,H,1.61,3.8,5.75
25/09/2021,Leeds,West Ham,1,2,A,3.0,3.6,2.25
25/09/2021,Leicester,Burnley,2,2,D,1.57,4.0,6.0
25/09/2021,Watford,Newcastle,1,1,D,2.2,3.4,3.3
25/09/2021,Brentford,Liverpool,3,3,D,7.0,4.5,1.45
26/09/2021,Southampton,Wolves,0,1,A,2.62,3.2,2.8
26/09/2021,Arsenal,Tottenham,3,1,H,2.15,3.3,3.5
27/09/2021,Crystal Palace,Brighton,1,1,D,3.1,3.2,2.45
02/10/2021,Man United,Everton,1,1,D,1.45,4.33,7.5
02/10/2021,Burnley,Norwich,0,0,D,1.85,3.6,4.33
02/10/2021,Chelsea,Southampton,3,1,H,1.36,4.75,9.0
02/10/2021,Leeds,Watford,1,0,H,1.7,4.0,4.75
02/10/2021,Wolves,Newcastle,2,1,H,1.61,4.2,5.25
02/10/2021,Brighton,Arsenal,0,0,D,3.0,3.25,2.4
03/10/2021,Crystal Palace,Leicester,2,2,D,3.1,3.4,2.3
03/10/2021,Tottenham,Aston Villa,2,1,H,2.1,3.6,3.4
03/10/2021,West Ham,Brentford,1,2,A,1.75,3.75,4.75
03/10/2021,Liverpool,Man City,2,2,D,2.87,3.5,2.4
16/10/2021,Watford,Liverpool,0,5,A,8.5,5.5,1.33
16/10/2021,Aston Villa,Wolves,2,3,A,2.15,3.25,3.5
16/10/2021,Leicester,Man United,4,2,H,3.5,3.6,2.05
16/10/2021,Man City,Burnley,2,0,H,1.12,9.0,19.0
16/10/2021,Norwich,Brighton,0,0,D,3.6,3.4,2.1
16/10/2021,Southampton,Leeds,1,0,H,2.3,3.5,3.0
16/10/2021,Brentford,Chelsea,0,1,A,6.5,3.8,1.57
17/10/2021,Everton,West Ham,0,1,A,2.5,3.4,2.8
17/10/2021,Newcastle,Tottenham,2,3,A,3.5,3.6,2.05
18/10/2021,Arsenal,Crystal Palace,2,2,D,1.6,3.8,6.0
22/10/2021,Arsenal,Aston Villa,3,1,H,1.83,3.75,4.2
23/10/2021,Chelsea,Norwich,7,0,H,1.18,7.0,15.0
23/10/2021,Crystal Palace,Newcastle,1,1,D,1.9,3.6,4.0
23/10/2021,Everton,Watford,2,5,A,1.65,3.8,5.5
23/10/2021,Leeds,Wolves,1,1,D,2.4,3.4,2.87
23/10/2021,Southampton,Burnley,2,2,D,1.95,3.5,3.9
23/10/2021,Brighton,Man City,1,4,A,8.0,4.75,1.4
24/10/2021,Brentford,Leicester,1,2,A,2.62,3.3,2.7
24/10/2021,West Ham,Tottenham,1,0,H,2.3,3.5,3.0
24/10/2021,Man United,Liverpool,0,5,A,3.1,3.6,2.2
30/10/2021,Leicester,Arsenal,0,2,A,2.4,3.5,2.87
30/10/2021,Burnley,Brentford,3,1,H,2.6,3.3,2.75
30/10/2021,Liverpool,Brighton,2,2,D,1.22,6.5,13.0
30/10/2021,Man City,Crystal Palace,0,2,A,1.14,8.0,19.0
30/10/2021,Newcastle,Chelsea,0,3,A,8.5,5.0,1.36
30/10/2021,Watford,Southampton,0,1,A,3.2,3.3,2.3
30/10/2021,Tottenham,Man United,0,3,A,2.87,3.6,2.37
31/10/2021,Norwich,Leeds,1,2,A,3.4,3.5,2.1
31/10/2021,Aston Villa,West Ham,1,4,A,2.8,3.5,2.45
01/11/2021,Wolves,Everton,2,1,H,2.2,3.2,3.5
05/11/2021,Southampton,Aston Villa,1,0,H,1.95,3.6,3.75
06/11/2021,Man United,Man City,0,2,A,4.75,4.0,1.7
06/11/2021,Brentford,Norwich,1,2,A,1.6,4.0,5.75
06/11/2021,Chelsea,Burnley,1,1,D,1.25,6.0,12.0
06/11/2021,Crystal Palace,Wolves,2,0,H,2.45,3.2,3.0
06/11/2021,Brighton,Newcastle,1,1,D,1.57,3.9,6.0
07/11/2021,Arsenal,Watford,1,0,H,1.36,4.75,8.5
07/11/2021,Everton,Tottenham,0,0,D,3.1,3.25,2.37
07/11/2021,Leeds,Leicester,1,1,D,2.8,3.5,2.45
07/11/2021,West Ham,Liverpool,3,2,H,4.75,4.0,1.7
20/11/2021,Leicester,Chelsea,0,3,A,4.75,3.75,1.75
20/11/2021,Aston Villa,Brighton,2,0,H,2.45,3.3,2.9
20/11/2021,Burnley,Crystal Palace,3,3,D,2.7,3.2,2.7
20/11/2021,Newcastle,Brentford,3,3,D,2.62,3.4,2.7
20/11/2021,Norwich,Southampton,2,1,H,3.6,3.5,2.05
20/11/2021,Watford,Man United,4,1,H,6.5,4.75,1.45
20/11/2021,Wolves,West Ham,1,0,H,3.0,3.25,2.4
20/11/2021,Liverpool,Arsenal,4,0,H,1.45,4.75,6.5
21/11/2021,Man City,Everton,3,0,H,1.14,8.0,19.0
21/11/2021,Tottenham,Leeds,2,1,H,1.7,4.2,4.5
27/11/2021,Arsenal,Newcastle,2,0,H,1.44,4.75,7.0
27/11/2021,Crystal Palace,Aston Villa,1,2,A,2.2,3.4,3.3
27/11/2021,Liverpool,Southampton,4,0,H,1.28,6.0,9.0
27/11/2021,Norwich,Wolves,0,0,D,3.5,3.3,2.15
27/11/2021,Brighton,Leeds,0,0,D,2.05,3.4,3.75
28/11/2021,Brentford,Everton,1,0,H,2.25,3.2,3.4
28/11/2021,Leicester,Watford,4,2,H,1.61,4.0,5.5
28/11/2021,Man City,West Ham,2,1,H,1.28,5.75,10.0
28/11/2021,Chelsea,Man United,1,1,D,1.57,4.0,6.0
30/11/2021,Newcastle,Norwich,1,1,D,1.95,3.5,3.9
30/11/2021,Leeds,Crystal Palace,1,0,H,2.4,3.3,3.0
01/12/2021,Southampton,Leicester,2,2,D,2.37,3.5,2.87
01/12/2021,Watford,Chelsea,1,2,A,10.0,5.25,1.3
01/12/2021,West Ham,Brighton,1,1,D,1.95,3.6,3.8
01/12/2021,Wolves,Burnley,0,0,D,1.85,3.5,4.33
01/12/2021,Aston Villa,Man City,1,2,A,9.0,5.25,1.33
01/12/2021,Everton,Liverpool,1,4,A,7.5,5.25,1.36
02/12/2021,Tottenham,Brentford,2,0,H,1.6,4.2,5.25
02/12/2021,Man United,Arsenal,3,2,H,1.95,3.75,3.75
04/12/2021,West Ham,Chelsea,3,2,H,4.75,3.6,1.75
04/12/2021,Newcastle,Burnley,1,0,H,2.3,3.3,3.2
04/12/2021,Southampton,Brighton,1,1,D,2.45,3.2,3.0
04/12/2021,Wolves,Liverpool,0,1,A,8.0,4.75,1.4
04/12/2021,Watford,Man City,1,3,A,12.0,7.0,1.2
05/12/2021,Leeds,Brentford,2,2,D,1.95,3.6,3.8
05/12/2021,Man United,Crystal Palace,1,0,H,1.5,4.33,6.5
05/12/2021,Tottenham,Norwich,3,0,H,1.36,5.0,8.5
05/12/2021,Aston Villa,Leicester,2,1,H,2.37,3.4,3.0
06/12/2021,Everton,Arsenal,2,1,H,3.4,3.5,2.1
10/12/2021,Brentford,Watford,2,1,H,2.25,3.3,3.3
11/12/2021,Man City,Wolves,1,0,H,1.14,8.0,19.0
11/12/2021,Arsenal,Southampton,3,0,H,1.61,4.0,5.5
11/12/2021,Chelsea,Leeds,3,2,H,1.25,5.75,12.0
11/12/2021,Liverpool,Aston Villa,1,0,H,1.2,7.0,13.0
11/12/2021,Norwich,Man United,0,1,A,7.0,4.5,1.45
12/12/2021,Burnley,West Ham,0,0,D,3.6,3.6,2.0
12/12/2021,Leicester,Newcastle,4,0,H,1.66,4.1,4.75
12/12/2021,Crystal Palace,Everton,3,1,H,2.3,3.2,3.3
14/12/2021,Norwich,Aston Villa,0,2,A,3.3,3.3,2.25
14/12/2021,Man City,Leeds,7,0,H,1.14,8.5,15.0
15/12/2021,Brighton,Wolves,0,1,A,2.25,3.1,3.5
15/12/2021,Crystal Palace,Southampton,2,2,D,2.15,3.3,3.5
15/12/2021,Arsenal,West Ham,2,0,H,2.1,3.6,3.3
16/12/2021,Chelsea,Everton,1,1,D,1.22,6.5,13.0
16/12/2021,Liverpool,Newcastle,3,1,H,1.12,9.0,19.0
18/12/2021,Leeds,Arsenal,1,4,A,3.9,3.8,1.83
19/12/2021,Newcastle,Man City,0,4,A,13.0,7.5,1.18
19/12/2021,Wolves,Chelsea,0,0,D,7.0,4.2,1.5
19/12/2021,Tottenham,Liverpool,2,2,D,5.25,4.75,1.53
26/12/2021,Man City,Leicester,6,3,H,1.18,7.5,13.0
26/12/2021,Norwich,Arsenal,0,5,A,8.0,4.75,1.4
26/12/2021,Tottenham,Crystal Palace,3,0,H,1.72,3.8,4.75
26/12/2021,West Ham,Southampton,2,3,A,1.8,3.9,4.2
26/12/2021,Aston Villa,Chelsea,1,3,A,5.25,3.8,1.65
26/12/2021,Brighton,Brentford,2,0,H,1.9,3.4,4.2
27/12/2021,Newcastle,Man United,1,1,D,6.5,4.75,1.44
28/12/2021,Crystal Palace,Norwich,3,0,H,1.65,3.75,5.5
28/12/2021,Southampton,Tottenham,1,1,D,3.75,3.5,2.0
28/12/2021,Watford,West Ham,1,4,A,3.4,3.6,2.1
28/12/2021,Leicester,Liverpool,1,0,H,8.0,5.5,1.33
29/12/2021,Chelsea,Brighton,1,1,D,1.4,4.5,7.5
29/12/2021,Brentford,Man City,0,1,A,19.0,8.0,1.14
30/12/2021,Man United,Burnley,3,1,H,1.36,5.0,9.0
01/01/2022,Arsenal,Man City,1,2,A,5.75,4.75,1.5
01/01/2022,Watford,Tottenham,0,1,A,5.0,4.2,1.61
01/01/2022,Crystal Palace,West Ham,2,3,A,3.1,3.4,2.3
02/01/2022,Brentford,Aston Villa,2,1,H,3.0,3.3,2.4
02/01/2022,Everton,Brighton,2,3,A,2.75,3.2,2.62
02/01/2022,Leeds,Burnley,3,1,H,2.05,3.5,3.5
02/01/2022,Chelsea,Liverpool,2,2,D,3.1,3.5,2.25
03/01/2022,Man United,Wolves,0,1,A,1.53,4.33,6.0
11/01/2022,Southampton,Brentford,4,1,H,2.05,3.4,3.6
12/01/2022,West Ham,Norwich,2,0,H,1.28,5.5,10.0
14/01/2022,Brighton,Crystal Palace,1,1,D,2.05,3.3,3.8
15/01/2022,Man City,Chelsea,1,0,H,1.65,4.0,5.0
15/01/2022,Newcastle,Watford,1,1,D,2.0,3.6,3.6
15/01/2022,Norwich,Everton,2,1,H,3.75,3.5,2.0
15/01/2022,Wolves,Southampton,3,1,H,2.25,3.2,3.4
15/01/2022,Aston Villa,Man United,2,2,D,2.87,3.5,2.4
16/01/2022,Liverpool,Brentford,3,0,H,1.3,5.5,10.0
16/01/2022,West Ham,Leeds,2,3,A,1.61,4.2,5.0
18/01/2022,Brighton,Chelsea,1,1,D,4.75,3.75,1.72
19/01/2022,Leicester,Tottenham,2,3,A,3.0,3.5,2.3
19/01/2022,Brentford,Man United,1,3,A,4.5,3.7,1.8
21/01/2022,Watford,Norwich,0,3,A,2.0,3.5,3.75
22/01/2022,Everton,Aston Villa,0,1,A,2.75,3.25,2.62
22/01/2022,Brentford,Wolves,1,2,A,3.2,2.8,2.6
22/01/2022,Leeds,Newcastle,0,1,A,2.0,3.5,3.75
22/01/2022,Man United,West Ham,1,0,H,1.85,3.8,4.0
22/01/2022,Southampton,Man City,1,1,D,10.0,6.5,1.25
23/01/2022,Arsenal,Burnley,0,0,D,1.36,4.75,9.0
23/01/2022,Crystal Palace,Liverpool,1,3,A,6.0,4.2,1.53
23/01/2022,Leicester,Brighton,1,1,D,2.5,3.25,2.9
23/01/2022,Chelsea,Tottenham,2,0,H,1.61,4.2,5.0
05/02/2022,Burnley,Watford,0,0,D,2.2,3.25,3.5
08/02/2022,Newcastle,Everton,3,1,H,2.5,3.25,2.87
08/02/2022,West Ham,Watford,1,0,H,1.55,4.2,5.75
08/02/2022,Burnley,Man United,1,1,D,5.5,4.0,1.61
09/02/2022,Man City,Brentford,2,0,H,1.1,9.5,23.0
09/02/2022,Norwich,Crystal Palace,1,1,D,3.5,3.25,2.15
09/02/2022,Tottenham,Southampton,2,3,A,1.6,4.0,5.5
09/02/2022,Aston Villa,Leeds,3,3,D,1.8,3.8,4.2
10/02/2022,Liverpool,Leicester,2,0,H,1.25,6.5,10.0
10/02/2022,Wolves,Arsenal,0,1,A,3.5,3.2,2.2
12/02/2022,Man United,Southampton,1,1,D,1.6,4.0,5.5
12/02/2022,Brentford,Crystal Palace,0,0,D,2.55,3.1,3.0
12/02/2022,Everton,Leeds,3,0,H,2.25,3.5,3.0
12/02/2022,Watford,Brighton,0,2,A,3.5,3.3,2.05
12/02/2022,Norwich,Man City,0,4,A,15.0,8.0,1.16
13/02/2022,Burnley,Liverpool,0,1,A,10.0,5.25,1.28
13/02/2022,Newcastle,Aston Villa,1,0,H,2.7,3.3,2.62
13/02/2022,Tottenham,Wolves,0,2,A,1.7,3.6,5.5
13/02/2022,Leicester,West Ham,2,2,D,2.9,3.5,2.3
15/02/2022,Man United,Brighton,2,0,H,1.72,3.75,4.75
19/02/2022,West Ham,Newcastle,1,1,D,1.7,4.0,4.75
19/02/2022,Arsenal,Brentford,2,1,H,1.44,4.2,8.0
19/02/2022,Aston Villa,Watford,0,1,A,1.65,3.6,5.75
19/02/2022,Brighton,Burnley,0,3,A,1.66,3.5,6.0
19/02/2022,Crystal Palace,Chelsea,0,1,A,5.5,3.8,1.65
19/02/2022,Liverpool,Norwich,3,1,H,1.1,9.0,23.0
19/02/2022,Southampton,Everton,2,0,H,2.1,3.5,3.5
19/02/2022,Man City,Tottenham,2,3,A,1.28,6.0,10.0
20/02/2022,Leeds,Man United,2,4,A,3.9,3.8,1.85
20/02/2022,Wolves,Leicester,2,1,H,2.25,3.3,3.25
23/02/2022,Burnley,Tottenham,1,0,H,4.6,3.8,1.75
23/02/2022,Watford,Crystal Palace,1,4,A,3.1,3.3,2.3
23/02/2022,Liverpool,Leeds,6,0,H,1.16,8.0,15.0
24/02/2022,Arsenal,Wolves,2,1,H,1.65,3.8,5.5
25/02/2022,Southampton,Norwich,2,0,H,1.53,4.33,6.0
26/02/2022,Leeds,Tottenham,0,4,A,4.2,3.6,1.85
26/02/2022,Brentford,Newcastle,0,2,A,2.5,3.2,3.0
26/02/2022,Crystal Palace,Burnley,1,1,D,1.9,3.6,4.0
26/02/2022,Man United,Watford,0,0,D,1.3,5.5,9.5
26/02/2022,Brighton,Aston Villa,0,2,A,2.2,3.3,3.5
26/02/2022,Everton,Man City,0,1,A,10.0,5.75,1.28
27/02/2022,West Ham,Wolves,1,0,H,2.05,3.3,3.8
01/03/2022,Burnley,Leicester,0,2,A,2.9,3.4,2.4
05/03/2022,Leicester,Leeds,1,0,H,1.75,4.0,4.2
05/03/2022,Aston Villa,Southampton,4,0,H,2.3,3.5,3.0
05/03/2022,Burnley,Chelsea,0,4,A,6.5,4.33,1.5
05/03/2022,Newcastle,Brighton,2,1,H,2.75,3.2,2.62
05/03/2022,Norwich,Brentford,1,3,A,2.9,3.1,2.5
05/03/2022,Wolves,Crystal Palace,0,2,A,2.3,3.1,3.4
05/03/2022,Liverpool,West Ham,1,0,H,1.28,5.75,9.5
06/03/2022,Watford,Arsenal,2,3,A,6.0,4.0,1.57
06/03/2022,Man City,Man United,4,1,H,1.4,4.75,7.5
07/03/2022,Tottenham,Everton,5,0,H,1.57,3.8,5.75
10/03/2022,Norwich,Chelsea,1,3,A,11.0,4.75,1.3
10/03/2022,Southampton,Newcastle,1,2,A,2.0,3.75,3.5
10/03/2022,Wolves,Watford,4,0,H,1.75,3.6,4.5
10/03/2022,Leeds,Aston Villa,0,3,A,2.7,3.5,2.5
12/03/2022,Brighton,Liverpool,0,2,A,6.0,4.33,1.5
12/03/2022,Brentford,Burnley,2,0,H,2.15,3.2,3.6
12/03/2022,Man United,Tottenham,3,2,H,2.2,3.4,3.25
13/03/2022,Chelsea,Newcastle,1,0,H,1.3,5.25,11.0
13/03/2022,Everton,Wolves,0,1,A,2.3,3.2,3.3
13/03/2022,Leeds,Norwich,2,1,H,1.55,4.2,5.75
13/03/2022,Southampton,Watford,1,2,A,1.6,4.2,5.25
13/03/2022,West Ham,Aston Villa,2,1,H,2.25,3.3,3.3
13/03/2022,Arsenal,Leicester,2,0,H,1.5,4.5,6.0
14/03/2022,Crystal Palace,Man City,0,0,D,10.0,5.0,1.33
16/03/2022,Brighton,Tottenham,0,2,A,3.3,3.3,2.25
16/03/2022,Arsenal,Liverpool,0,2,A,3.5,4.0,1.9
17/03/2022,Everton,Newcastle,1,0,H,2.4,3.25,3.1
18/03/2022,Wolves,Leeds,2,3,A,2.1,3.5,3.4
19/03/2022,Aston Villa,Arsenal,0,1,A,3.0,3.3,2.4
20/03/2022,Leicester,Brentford,2,1,H,2.15,3.4,3.4
20/03/2022,Tottenham,West Ham,3,1,H,1.72,3.8,4.75
02/04/2022,Liverpool,Watford,2,0,H,1.12,9.5,17.0
02/04/2022,Brighton,Norwich,0,0,D,1.5,4.0,7.0
02/04/2022,Burnley,Man City,0,2,A,15.0,6.5,1.2
02/04/2022,Chelsea,Brentford,1,4,A,1.33,5.0,10.0
02/04/2022,Leeds,Southampton,1,1,D,2.37,3.75,2.75
02/04/2022,Wolves,Aston Villa,2,1,H,3.0,3.1,2.55
02/04/2022,Man United,Leicester,1,1,D,1.5,4.5,6.0
03/04/2022,West Ham,Everton,2,1,H,1.75,3.8,4.5
03/04/2022,Tottenham,Newcastle,5,1,H,1.5,4.33,6.5
04/04/2022,Crystal Palace,Arsenal,3,0,H,4.0,3.4,1.95
06/04/2022,Burnley,Everton,3,2,H,2.62,3.1,2.87
08/04/2022,Newcastle,Wolves,1,0,H,2.25,3.1,3.4
09/04/2022,Everton,Man United,1,0,H,4.6,3.75,1.75
09/04/2022,Arsenal,Brighton,1,2,A,1.61,3.8,5.75
09/04/2022,Southampton,Chelsea,0,6,A,3.8,3.6,1.95
09/04/2022,Watford,Leeds,0,3,A,2.7,3.4,2.55
09/04/2022,Aston Villa,Tottenham,0,4,A,3.2,3.4,2.25
10/04/2022,Brentford,West Ham,2,0,H,2.62,3.3,2.62
10/04/2022,Leicester,Crystal Palace,2,1,H,2.37,3.3,2.9
10/04/2022,Norwich,Burnley,2,0,H,2.87,3.2,2.55
10/04/2022,Man City,Liverpool,2,2,D,2.0,3.75,3.5
16/04/2022,Tottenham,Brighton,0,1,A,1.53,4.0,6.5
16/04/2022,Man United,Norwich,3,2,H,1.25,6.5,10.0
16/04/2022,Southampton,Arsenal,1,0,H,3.8,3.6,1.95
16/04/2022,Watford,Brentford,1,2,A,2.7,3.3,2.55
17/04/2022,Newcastle,Leicester,2,1,H,2.2,3.4,3.3
17/04/2022,West Ham,Burnley,1,1,D,1.7,3.8,5.0
19/04/2022,Liverpool,Man United,4,0,H,1.4,5.0,7.0
20/04/2022,Chelsea,Arsenal,2,4,A,1.83,3.6,4.33
20/04/2022,Everton,Leicester,1,1,D,2.25,3.4,3.25
20/04/2022,Newcastle,Crystal Palace,1,0,H,2.25,3.4,3.25
20/04/2022,Man City,Brighton,3,0,H,1.16,7.0,17.0
21/04/2022,Burnley,Southampton,2,0,H,2.75,3.25,2.62
23/04/2022,Arsenal,Man United,3,1,H,2.05,3.5,3.5
23/04/2022,Leicester,Aston Villa,0,0,D,2.8,3.4,2.5
23/04/2022,Man City,Watford,5,1,H,1.1,10.0,26.0
23/04/2022,Norwich,Newcastle,0,3,A,3.5,3.3,2.15
23/04/2022,Brentford,Tottenham,0,0,D,4.33,3.5,1.85
24/04/2022,Brighton,Southampton,2,2,D,2.1,3.4,3.6
24/04/2022,Burnley,Wolves,1,0,H,2.7,3.0,2.87
24/04/2022,Chelsea,West Ham,1,0,H,1.5,4.33,6.5
24/04/2022,Liverpool,Everton,2,0,H,1.18,7.0,15.0
25/04/2022,Crystal Palace,Leeds,0,0,D,2.05,3.5,3.5
28/04/2022,Man United,Chelsea,1,1,D,3.2,3.4,2.25
30/04/2022,Newcastle,Liverpool,0,1,A,8.5,5.0,1.36
30/04/2022,Aston Villa,Norwich,2,0,H,1.4,4.5,9.0
30/04/2022,Southampton,Crystal Palace,1,2,A,2.4,3.3,3.1
30/04/2022,Watford,Burnley,1,2,A,2.6,3.3,2.75
30/04/2022,Wolves,Brighton,0,3,A,2.7,3.2,2.75
30/04/2022,Leeds,Man City,0,4,A,8.5,6.0,1.3
01/05/2022,Everton,Chelsea,1,0,H,5.0,3.6,1.75
01/05/2022,Tottenham,Leicester,3,1,H,1.44,4.75,7.0
01/05/2022,West Ham,Arsenal,1,2,A,4.33,3.8,1.8
02/05/2022,Man United,Brentford,3,0,H,1.72,4.0,4.5
07/05/2022,Brentford,Southampton,3,0,H,2.15,3.5,3.3
07/05/2022,Burnley,Aston Villa,1,3,A,3.0,3.3,2.4
07/05/2022,Chelsea,Wolves,2,2,D,1.33,5.0,9.5
07/05/2022,Crystal Palace,Watford,1,0,H,1.65,4.0,5.0
07/05/2022,Brighton,Man United,4,0,H,2.8,3.5,2.45
07/05/2022,Liverpool,Tottenham,1,1,D,1.4,5.0,7.0
08/05/2022,Arsenal,Leeds,2,1,H,1.45,4.5,7.0
08/05/2022,Leicester,Everton,1,2,A,2.6,3.3,2.75
08/05/2022,Norwich,West Ham,0,4,A,4.5,3.8,1.75
08/05/2022,Man City,Newcastle,5,0,H,1.16,7.0,17.0
10/05/2022,Aston Villa,Liverpool,1,2,A,7.5,4.75,1.4
11/05/2022,Leeds,Chelsea,0,3,A,4.75,4.2,1.65
11/05/2022,Leicester,Norwich,3,0,H,1.44,4.75,7.0
11/05/2022,Watford,Everton,0,0,D,4.2,3.6,1.83
11/05/2022,Wolves,Man City,1,5,A,11.0,6.0,1.25
12/05/2022,Tottenham,Arsenal,3,0,H,2.05,3.75,3.5
15/05/2022,Tottenham,Burnley,1,0,H,1.33,5.25,9.0
15/05/2022,Aston Villa,Crystal Palace,1,1,D,2.0,3.5,3.75
15/05/2022,Leeds,Brighton,1,1,D,2.62,3.5,2.62
15/05/2022,Watford,Leicester,1,5,A,3.8,3.5,1.95
15/05/2022,West Ham,Man City,2,2,D,7.5,5.0,1.4
15/05/2022,Wolves,Norwich,1,1,D,1.45,4.75,6.5
15/05/2022,Everton,Brentford,2,3,A,2.05,3.6,3.5
16/05/2022,Newcastle,Arsenal,2,0,H,4.33,3.6,1.83
17/05/2022,Southampton,Liverpool,1,2,A,7.5,5.5,1.33
19/05/2022,Everton,Crystal Palace,3,2,H,1.9,3.4,4.33
19/05/2022,Aston Villa,Burnley,1,1,D,2.05,3.5,3.6
19/05/2022,Chelsea,Leicester,1,1,D,1.4,4.75,8.0
22/05/2022,Arsenal,Everton,5,1,H,1.36,4.75,9.0
22/05/2022,Brentford,Leeds,1,2,A,2.45,3.8,2.62
22/05/2022,Brighton,West Ham,3,1,H,2.37,3.5,2.9
22/05/2022,Burnley,Newcastle,1,2,A,2.25,3.4,3.2
22/05/2022,Chelsea,Watford,2,1,H,1.18,7.5,15.0
22/05/2022,Crystal Palace,Man United,1,0,H,3.0,3.6,2.25
22/05/2022,Leicester,Southampton,4,1,H,1.85,4.0,3.8
22/05/2022,Liverpool,Wolves,3,1,H,1.14,8.5,15.0
22/05/2022,Man City,Aston Villa,3,2,H,1.16,8.0,17.0
22/05/2022,Norwich,Tottenham,0,5,A,9.5,6.5,1.25
05/08/2022,Crystal Palace,Arsenal,0,2,A,4.2,3.6,1.85
06/08/2022,Fulham,Liverpool,2,2,D,11.0,6.0,1.25
06/08/2022,Bournemouth,Aston Villa,2,0,H,3.75,3.5,2.0
06/08/2022,Leeds,Wolves,2,1,H,2.25,3.4,3.2
06/08/2022,Newcastle,Nott'm Forest,2,0,H,1.66,3.8,5.25
06/08/2022,Tottenham,Southampton,4,1,H,1.33,5.5,8.5
06/08/2022,Everton,Chelsea,0,1,A,5.5,4.0,1.61
07/08/2022,Leicester,Brentford,2,2,D,2.0,3.75,3.5
07/08/2022,Man United,Brighton,1,2,A,1.6,4.2,5.25
07/08/2022,West Ham,Man City,0,2,A,8.0,5.0,1.36
13/08/2022,Aston Villa,Everton,2,1,H,1.8,3.5,4.75
13/08/2022,Arsenal,Leicester,4,2,H,1.53,4.33,5.75
13/08/2022,Brighton,Newcastle,0,0,D,2.45,3.2,3.0
13/08/2022,Man City,Bournemouth,4,0,H,1.06,13.0,29.0
13/08/2022,Southampton,Leeds,2,2,D,2.25,3.5,3.1
13/08/2022,Wolves,Fulham,0,0,D,2.3,3.3,3.2
13/08/2022,Brentford,Man United,4,0,H,3.75,3.5,2.0
14/08/2022,Nott'm Forest,West Ham,1,0,H,4.2,3.6,1.85
14/08/2022,Chelsea,Tottenham,2,2,D,2.25,3.4,3.2
15/08/2022,Liverpool,Crystal Palace,1,1,D,1.18,6.75,16.0
20/08/2022,Tottenham,Wolves,1,0,H,1.4,4.75,7.5
20/08/2022,Crystal Palace,Aston Villa,3,1,H,2.5,3.25,2.9
20/08/2022,Everton,Nott'm Forest,1,1,D,1.9,3.6,4.0
20/08/2022,Fulham,Brentford,3,2,H,2.45,3.4,2.9
20/08/2022,Leicester,Southampton,1,2,A,1.83,4.0,4.0
20/08/2022,Bournemouth,Arsenal,0,3,A,8.0,4.75,1.4
21/08/2022,Leeds,Chelsea,3,0,H,5.75,4.5,1.53
21/08/2022,West Ham,Brighton,0,2,A,2.3,3.4,3.1
21/08/2022,Newcastle,Man City,3,3,D,7.5,5.0,1.36
22/08/2022,Man United,Liverpool,2,1,H,5.25,4.33,1.6
27/08/2022,Southampton,Man United,0,1,A,4.2,4.0,1.8
27/08/2022,Brentford,Everton,1,1,D,2.0,3.5,3.75
27/08/2022,Brighton,Leeds,1,0,H,1.9,3.8,3.8
27/08/2022,Chelsea,Leicester,2,1,H,1.4,5.0,7.0
27/08/2022,Liverpool,Bournemouth,9,0,H,1.1,10.0,26.0
27/08/2022,Man City,Crystal Palace,4,2,H,1.18,7.5,13.0
27/08/2022,Arsenal,Fulham,2,1,H,1.3,5.75,9.0
28/08/2022,Aston Villa,West Ham,0,1,A,2.3,3.4,3.1
28/08/2022,Wolves,Newcastle,1,1,D,2.7,3.3,2.7
28/08/2022,Nott'm Forest,Tottenham,0,2,A,7.0,4.6,1.44
30/08/2022,Crystal Palace,Brentford,1,1,D,2.05,3.4,3.6
30/08/2022,Fulham,Brighton,2,1,H,3.1,3.3,2.3
30/08/2022,Southampton,Chelsea,2,1,H,5.25,4.0,1.61
30/08/2022,Leeds,Everton,1,1,D,2.15,3.5,3.3
31/08/2022,Arsenal,Aston Villa,2,1,H,1.45,4.5,6.0
31/08/2022,Bournemouth,Wolves,0,0,D,3.5,3.3,2.15
31/08/2022,Man City,Nott'm Forest,6,0,H,1.06,13.0,29.0
31/08/2022,West Ham,Tottenham,1,1,D,3.6,3.8,1.95
31/08/2022,Liverpool,Newcastle,2,1,H,1.33,5.25,9.0
01/09/2022,Leicester,Man United,0,1,A,3.4,3.75,2.05
03/09/2022,Everton,Liverpool,0,0,D,7.0,4.75,1.4
03/09/2022,Brentford,Leeds,5,2,H,2.1,3.5,3.4
03/09/2022,Chelsea,West Ham,2,1,H,1.55,4.5,5.5
03/09/2022,Newcastle,Crystal Palace,0,0,D,2.0,3.5,3.75
03/09/2022,Nott'm Forest,Bournemouth,2,3,A,1.95,3.5,3.8
03/09/2022,Tottenham,Fulham,2,1,H,1.5,4.5,6.5
03/09/2022,Wolves,Southampton,1,0,H,2.2,3.4,3.25
03/09/2022,Aston Villa,Man City,1,1,D,8.0,5.5,1.33
04/09/2022,Brighton,Leicester,5,2,H,1.83,3.5,4.5
04/09/2022,Man United,Arsenal,3,1,H,2.5,3.5,2.7
16/09/2022,Aston Villa,Southampton,1,0,H,2.1,3.5,3.5
16/09/2022,Nott'm Forest,Fulham,2,3,A,2.75,3.3,2.62
17/09/2022,Wolves,Man City,0,3,A,9.5,5.0,1.33
17/09/2022,Newcastle,Bournemouth,1,1,D,1.44,4.4,7.5
17/09/2022,Tottenham,Leicester,6,2,H,1.45,4.5,7.0
18/09/2022,Brentford,Arsenal,0,3,A,4.2,3.8,1.8
18/09/2022,Everton,West Ham,1,0,H,2.9,3.25,2.5
01/10/2022,Arsenal,Tottenham,3,1,H,2.05,3.75,3.3
01/10/2022,Bournemouth,Brentford,0,0,D,3.3,3.4,2.2
01/10/2022,Crystal Palace,Chelsea,1,2,A,4.2,3.6,1.85
01/10/2022,Fulham,Newcastle,1,4,A,3.0,3.4,2.37
01/10/2022,Liverpool,Brighton,3,3,D,1.33,5.25,8.5
01/10/2022,Southampton,Everton,1,2,A,2.15,3.4,3.4
01/10/2022,West Ham,Wolves,2,0,H,1.95,3.5,4.2
02/10/2022,Man City,Man United,6,3,H,1.33,5.75,7.5
02/10/2022,Leeds,Aston Villa,0,0,D,2.35,3.4,3.0
03/10/2022,Leicester,Nott'm Forest,4,0,H,1.75,4.0,4.33
08/10/2022,Bournemouth,Leicester,2,1,H,3.6,3.4,2.05
08/10/2022,Chelsea,Wolves,3,0,H,1.4,4.5,8.0
08/10/2022,Man City,Southampton,4,0,H,1.11,10.0,17.0
08/10/2022,Newcastle,Brentford,5,1,H,1.83,3.8,4.2
08/10/2022,Brighton,Tottenham,0,1,A,2.8,3.4,2.5
09/10/2022,Crystal Palace,Leeds,2,1,H,2.05,3.5,3.6
09/10/2022,West Ham,Fulham,3,1,H,1.72,3.8,4.75
09/10/2022,Arsenal,Liverpool,3,2,H,2.5,3.6,2.62
09/10/2022,Everton,Man United,1,2,A,3.6,3.5,2.05
10/10/2022,Nott'm Forest,Aston Villa,1,1,D,3.3,3.4,2.2
14/10/2022,Brentford,Brighton,2,0,H,3.1,3.4,2.3
15/10/2022,Leicester,Crystal Palace,0,0,D,2.3,3.4,3.1
15/10/2022,Fulham,Bournemouth,2,2,D,1.85,3.75,4.0
15/10/2022,Wolves,Nott'm Forest,1,0,H,1.7,3.75,5.0
15/10/2022,Tottenham,Everton,2,0,H,1.5,4.5,6.5
16/10/2022,Aston Villa,Chelsea,0,2,A,4.33,3.75,1.8
16/10/2022,Leeds,Arsenal,0,1,A,6.0,4.2,1.55
16/10/2022,Man United,Newcastle,0,0,D,1.95,3.8,3.5
16/10/2022,Southampton,West Ham,1,1,D,2.9,3.4,2.4
16/10/2022,Liverpool,Man City,1,0,H,3.6,4.0,1.9
18/10/2022,Brighton,Nott'm Forest,0,0,D,1.4,4.75,7.0
18/10/2022,Crystal Palace,Wolves,2,1,H,2.25,3.1,3.4
19/10/2022,Bournemouth,Southampton,0,1,A,2.62,3.3,2.62
19/10/2022,Brentford,Chelsea,0,0,D,4.75,3.8,1.72
19/10/2022,Liverpool,West Ham,1,0,H,1.4,5.0,7.0
19/10/2022,Newcastle,Everton,1,0,H,1.6,3.8,5.75
19/10/2022,Man United,Tottenham,2,0,H,2.45,3.5,2.75
20/10/2022,Fulham,Aston Villa,3,0,H,2.9,3.3,2.5
20/10/2022,Leicester,Leeds,2,0,H,2.25,3.6,3.0
22/10/2022,Nott'm Forest,Liverpool,1,0,H,11.0,6.0,1.25
22/10/2022,Everton,Crystal Palace,3,0,H,2.6,3.2,2.87
22/10/2022,Man City,Brighton,3,1,H,1.2,7.0,13.0
22/10/2022,Chelsea,Man United,1,1,D,2.05,3.5,3.5
23/10/2022,Aston Villa,Brentford,4,0,H,2.1,3.5,3.5
23/10/2022,Leeds,Fulham,2,3,A,2.05,3.5,3.6
23/10/2022,Southampton,Arsenal,1,1,D,6.0,4.0,1.57
23/10/2022,Wolves,Leicester,0,4,A,2.25,3.25,3.25
23/10/2022,Tottenham,Newcastle,1,2,A,2.05,3.5,3.5
24/10/2022,West Ham,Bournemouth,2,0,H,1.55,4.0,6.0
29/10/2022,Leicester,Man City,0,1,A,10.0,6.5,1.25
29/10/2022,Bournemouth,Tottenham,2,3,A,5.0,3.8,1.7
29/10/2022,Brentford,Wolves,1,1,D,2.2,3.4,3.3
29/10/2022,Brighton,Chelsea,4,1,H,3.0,3.3,2.4
29/10/2022,Crystal Palace,Southampton,1,0,H,1.9,3.6,4.0
29/10/2022,Newcastle,Aston Villa,4,0,H,1.8,3.75,4.5
29/10/2022,Fulham,Everton,0,0,D,2.37,3.4,3.0
29/10/2022,Liverpool,Leeds,1,2,A,1.3,6.0,9.0
30/10/2022,Arsenal,Nott'm Forest,5,0,H,1.2,7.0,12.0
30/10/2022,Man United,West Ham,1,0,H,1.66,4.0,4.8
05/11/2022,Leeds,Bournemouth,4,3,H,1.72,3.8,4.75
05/11/2022,Man City,Fulham,2,1,H,1.11,9.5,19.0
05/11/2022,Nott'm Forest,Brentford,2,2,D,2.75,3.3,2.6
05/11/2022,Wolves,Brighton,2,3,A,3.3,3.3,2.25
05/11/2022,Everton,Leicester,0,2,A,2.4,3.3,3.0
06/11/2022,Chelsea,Arsenal,0,1,A,2.55,3.4,2.7
06/11/2022,Aston Villa,Man United,3,1,H,3.3,3.8,2.1
06/11/2022,Southampton,Newcastle,1,4,A,4.0,3.6,1.9
06/11/2022,West Ham,Crystal Palace,1,2,A,1.9,3.4,4.2
06/11/2022,Tottenham,Liverpool,1,2,A,3.3,3.6,2.1
12/11/2022,Man City,Brentford,1,2,A,1.14,8.0,17.0
12/11/2022,Bournemouth,Everton,3,0,H,2.8,3.25,2.6
12/11/2022,Liverpool,Southampton,3,1,H,1.25,6.5,11.0
12/11/2022,Nott'm Forest,Crystal Palace,1,0,H,3.1,3.1,2.45
12/11/2022,Tottenham,Leeds,4,3,H,1.65,4.2,4.75
12/11/2022,West Ham,Leicester,0,2,A,2.05,3.4,3.75
12/11/2022,Newcastle,Chelsea,1,0,H,2.35,3.4,3.0
12/11/2022,Wolves,Arsenal,0,2,A,6.0,4.2,1.55
13/11/2022,Brighton,Aston Villa,1,2,A,1.83,3.75,4.2
13/11/2022,Fulham,Man United,1,2,A,3.8,3.8,1.9
26/12/2022,Brentford,Tottenham,2,2,D,4.0,3.6,1.91
26/12/2022,Crystal Palace,Fulham,0,3,A,2.05,3.6,3.5
26/12/2022,Everton,Wolves,1,2,A,2.3,3.25,3.2
26/12/2022,Leicester,Newcastle,0,3,A,3.25,3.5,2.2
26/12/2022,Southampton,Brighton,1,3,A,3.3,3.5,2.15
26/12/2022,Aston Villa,Liverpool,1,3,A,4.75,4.0,1.7
26/12/2022,Arsenal,West Ham,3,1,H,1.5,4.33,6.5
27/12/2022,Chelsea,Bournemouth,2,0,H,1.3,5.5,10.0
27/12/2022,Man United,Nott'm Forest,3,0,H,1.29,5.5,11.0
28/12/2022,Leeds,Man City,1,3,A,9.5,6.0,1.29
30/12/2022,West Ham,Brentford,0,2,A,2.0,3.6,3.6
30/12/2022,Liverpool,Leicester,2,1,H,1.29,6.0,9.5
31/12/2022,Wolves,Man United,0,1,A,4.0,3.6,1.91
31/12/2022,Bournemouth,Crystal Palace,0,2,A,2.8,3.3,2.5
31/12/2022,Fulham,Southampton,2,1,H,1.95,3.6,3.75
31/12/2022,Man City,Everton,1,1,D,1.13,9.0,19.0
31/12/2022,Newcastle,Leeds,0,0,D,1.45,4.5,7.0
31/12/2022,Brighton,Arsenal,2,4,A,3.4,3.5,2.1
01/01/2023,Tottenham,Aston Villa,0,2,A,1.67,4.0,5.0
01/01/2023,Nott'm Forest,Chelsea,1,1,D,5.0,3.8,1.7
02/01/2023,Brentford,Liverpool,3,1,H,5.5,4.33,1.55
03/01/2023,Arsenal,Newcastle,0,0,D,1.8,3.8,4.33
03/01/2023,Everton,Brighton,1,4,A,3.5,3.5,2.1
03/01/2023,Leicester,Fulham,0,1,A,2.2,3.6,3.1
03/01/2023,Man United,Bournemouth,3,0,H,1.29,5.5,11.0
04/01/2023,Southampton,Nott'm Forest,0,1,A,2.0,3.5,3.8
04/01/2023,Leeds,West Ham,2,2,D,2.6,3.5,2.6
04/01/2023,Aston Villa,Wolves,1,1,D,1.95,3.6,4.0
04/01/2023,Crystal Palace,Tottenham,0,4,A,3.4,3.5,2.15
05/01/2023,Chelsea,Man City,0,1,A,5.0,4.0,1.67
12/01/2023,Fulham,Chelsea,2,1,H,3.3,3.5,2.15
13/01/2023,Aston Villa,Leeds,2,1,H,1.91,3.6,4.0
14/01/2023,Man United,Man City,2,1,H,4.2,3.6,1.85
14/01/2023,Brighton,Liverpool,3,0,H,3.4,3.6,2.1
14/01/2023,Everton,Southampton,1,2,A,2.25,3.25,3.3
14/01/2023,Nott'm Forest,Leicester,2,0,H,2.7,3.3,2.63
14/01/2023,Wolves,West Ham,1,0,H,2.63,3.3,2.7
14/01/2023,Brentford,Bournemouth,2,0,H,1.65,4.0,5.25
15/01/2023,Chelsea,Crystal Palace,1,0,H,1.62,4.0,5.25
15/01/2023,Newcastle,Fulham,1,0,H,1.5,4.33,6.5
15/01/2023,Tottenham,Arsenal,0,2,A,3.1,3.6,2.2
18/01/2023,Crystal Palace,Man United,1,1,D,4.5,3.6,1.8
19/01/2023,Man City,Tottenham,4,2,H,1.36,5.0,8.5
21/01/2023,Liverpool,Chelsea,0,0,D,1.85,3.75,4.0
21/01/2023,Bournemouth,Nott'm Forest,1,1,D,2.75,3.1,2.75
21/01/2023,Leicester,Brighton,2,2,D,3.6,3.5,2.05
21/01/2023,Southampton,Aston Villa,0,1,A,2.88,3.25,2.55
21/01/2023,West Ham,Everton,2,0,H,1.8,3.75,4.75
21/01/2023,Crystal Palace,Newcastle,0,0,D,4.4,3.5,1.85
22/01/2023,Leeds,Brentford,0,0,D,2.38,3.6,2.88
22/01/2023,Man City,Wolves,3,0,H,1.2,8.0,11.0
22/01/2023,Arsenal,Man United,3,2,H,1.8,3.8,4.2
23/01/2023,Fulham,Tottenham,0,1,A,3.3,3.6,2.1
03/02/2023,Chelsea,Fulham,0,0,D,1.62,4.0,5.25
04/02/2023,Everton,Arsenal,1,0,H,8.5,4.5,1.4
04/02/2023,Aston Villa,Leicester,2,4,A,1.95,3.6,3.8
04/02/2023,Brentford,Southampton,3,0,H,1.85,3.6,4.2
04/02/2023,Brighton,Bournemouth,1,0,H,1.33,5.25,8.5
04/02/2023,Man United,Crystal Palace,2,1,H,1.4,4.75,8.0
04/02/2023,Wolves,Liverpool,3,0,H,4.0,3.8,1.85
04/02/2023,Newcastle,West Ham,1,1,D,1.6,3.8,6.0
05/02/2023,Nott'm Forest,Leeds,1,0,H,2.63,3.3,2.7
05/02/2023,Tottenham,Man City,1,0,H,4.33,4.2,1.73
08/02/2023,Man United,Leeds,2,2,D,1.45,5.0,6.0
11/02/2023,West Ham,Chelsea,1,1,D,3.3,3.3,2.25
11/02/2023,Arsenal,Brentford,1,1,D,1.44,4.75,7.0
11/02/2023,Crystal Palace,Brighton,1,1,D,3.8,3.5,2.0
11/02/2023,Fulham,Nott'm Forest,2,0,H,1.91,3.5,4.33
11/02/2023,Leicester,Tottenham,4,1,H,3.4,3.6,2.1
11/02/2023,Southampton,Wolves,1,2,A,2.9,3.2,2.55
11/02/2023,Bournemouth,Newcastle,1,1,D,6.5,4.0,1.53
12/02/2023,Leeds,Man United,0,2,A,3.75,3.8,1.91
12/02/2023,Man City,Aston Villa,3,1,H,1.25,6.5,11.0
13/02/2023,Liverpool,Everton,2,0,H,1.5,4.33,6.5
15/02/2023,Arsenal,Man City,1,3,A,2.9,3.5,2.35
18/02/2023,Aston Villa,Arsenal,2,4,A,4.5,3.6,1.5
18/02/2023,Brentford,Crystal Palace,1,1,D,1.83,3.5,4.5
18/02/2023,Brighton,Fulham,0,1,A,1.65,3.8,5.5
18/02/2023,Chelsea,Southampton,0,1,A,1.4,4.75,8.5
18/02/2023,Everton,Leeds,1,0,H,2.4,3.3,3.0
18/02/2023,Nott'm Forest,Man City,1,1,D,8.5,5.5,1.3
18/02/2023,Wolves,Bournemouth,0,1,A,1.67,3.6,6.0
18/02/2023,Newcastle,Liverpool,0,2,A,2.5,3.5,2.7
19/02/2023,Man United,Leicester,3,0,H,1.62,4.33,5.25
19/02/2023,Tottenham,West Ham,2,0,H,1.75,3.6,4.75
24/02/2023,Fulham,Wolves,1,1,D,2.5,3.2,3.0
25/02/2023,Everton,Aston Villa,0,2,A,2.5,3.2,3.0
25/02/2023,Leeds,Southampton,1,0,H,1.95,3.5,4.0
25/02/2023,Leicester,Arsenal,0,1,A,4.75,4.0,1.7
25/02/2023,West Ham,Nott'm Forest,4,0,H,1.75,3.6,5.0
25/02/2023,Bournemouth,Man City,1,4,A,10.0,5.75,1.29
25/02/2023,Crystal Palace,Liverpool,0,0,D,4.75,3.8,1.73
26/02/2023,Tottenham,Chelsea,2,0,H,2.55,3.25,2.9
01/03/2023,Arsenal,Everton,4,0,H,1.36,4.75,10.0
01/03/2023,Liverpool,Wolves,2,0,H,1.5,4.75,6.0
04/03/2023,Man City,Newcastle,2,0,H,1.45,4.5,7.0
04/03/2023,Arsenal,Bournemouth,3,2,H,1.22,7.0,12.0
04/03/2023,Aston Villa,Crystal Palace,1,0,H,2.05,3.3,3.8
04/03/2023,Brighton,West Ham,4,0,H,1.8,3.6,4.5
04/03/2023,Chelsea,Leeds,1,0,H,1.62,4.0,5.5
04/03/2023,Wolves,Tottenham,1,0,H,3.3,3.4,2.2
04/03/2023,Southampton,Leicester,1,0,H,2.75,3.3,2.6
05/03/2023,Nott'm Forest,Everton,2,2,D,2.7,3.0,2.88
05/03/2023,Liverpool,Man United,7,0,H,2.38,3.6,2.88
06/03/2023,Brentford,Fulham,3,2,H,1.95,3.6,3.75
11/03/2023,Bournemouth,Liverpool,1,0,H,7.5,5.0,1.4
11/03/2023,Everton,Brentford,1,0,H,2.7,3.25,2.7
11/03/2023,Leeds,Brighton,2,2,D,3.75,3.6,1.95
11/03/2023,Leicester,Chelsea,1,3,A,3.75,3.5,1.95
11/03/2023,Tottenham,Nott'm Forest,3,1,H,1.44,4.75,7.0
11/03/2023,Crystal Palace,Man City,0,1,A,9.0,4.75,1.36
12/03/2023,Fulham,Arsenal,0,3,A,6.0,4.0,1.57
12/03/2023,Man United,Southampton,0,0,D,1.36,5.0,9.0
12/03/2023,West Ham,Aston Villa,1,1,D,2.2,3.3,3.4
12/03/2023,Newcastle,Wolves,2,1,H,1.65,3.75,5.5
15/03/2023,Brighton,Crystal Palace,1,0,H,1.44,4.2,8.0
15/03/2023,Southampton,Brentford,0,2,A,2.88,3.25,2.5
17/03/2023,Nott'm Forest,Newcastle,1,2,A,5.5,3.8,1.62
18/03/2023,Aston Villa,Bournemouth,3,0,H,1.7,3.8,5.0
18/03/2023,Brentford,Leicester,1,1,D,1.91,3.6,3.75
18/03/2023,Southampton,Tottenham,3,3,D,4.75,3.6,1.75
18/03/2023,Wolves,Leeds,2,4,A,2.25,3.2,3.3
18/03/2023,Chelsea,Everton,2,2,D,1.5,4.2,7.5
19/03/2023,Arsenal,Crystal Palace,4,1,H,1.25,5.5,15.0
01/04/2023,Man City,Liverpool,4,1,H,1.62,4.2,5.0
01/04/2023,Arsenal,Leeds,4,1,H,1.29,6.0,9.0
01/04/2023,Bournemouth,Fulham,2,1,H,2.55,3.3,2.8
01/04/2023,Brighton,Brentford,3,3,D,1.67,4.0,5.0
01/04/2023,Crystal Palace,Leicester,2,1,H,2.5,3.25,2.9
01/04/2023,Nott'm Forest,Wolves,1,1,D,3.0,3.1,2.55
01/04/2023,Chelsea,Aston Villa,0,2,A,1.67,3.8,5.25
02/04/2023,West Ham,Southampton,1,0,H,1.73,3.6,5.0
02/04/2023,Newcastle,Man United,2,0,H,2.4,3.4,2.9
03/04/2023,Everton,Tottenham,1,1,D,3.4,3.3,2.2
04/04/2023,Bournemouth,Brighton,0,2,A,6.0,4.2,1.53
04/04/2023,Leeds,Nott'm Forest,2,1,H,1.7,3.75,5.0
04/04/2023,Leicester,Aston Villa,1,2,A,2.55,3.3,2.75
04/04/2023,Chelsea,Liverpool,0,0,D,2.2,3.4,3.25
05/04/2023,Man United,Brentford,1,0,H,1.65,4.0,5.0
05/04/2023,West Ham,Newcastle,1,5,A,3.6,3.25,2.15
08/04/2023,Man United,Everton,2,0,H,1.5,4.33,6.5
08/04/2023,Aston Villa,Nott'm Forest,2,0,H,1.6,4.2,5.25
08/04/2023,Brentford,Newcastle,1,2,A,3.6,3.4,2.05
08/04/2023,Fulham,West Ham,0,1,A,2.8,3.25,2.63
08/04/2023,Leicester,Bournemouth,0,1,A,1.83,3.75,4.2
08/04/2023,Tottenham,Brighton,2,1,H,2.55,3.5,2.7
08/04/2023,Wolves,Chelsea,1,0,H,4.2,3.5,1.91
08/04/2023,Southampton,Man City,1,4,A,11.0,6.0,1.25
09/04/2023,Leeds,Crystal Palace,1,5,A,2.1,3.4,3.6
09/04/2023,Liverpool,Arsenal,2,2,D,2.88,3.6,2.38
15/04/2023,Aston Villa,Newcastle,3,0,H,3.6,3.4,2.05
15/04/2023,Chelsea,Brighton,1,2,A,2.63,3.4,2.63
15/04/2023,Everton,Fulham,1,3,A,2.05,3.4,3.7
15/04/2023,Southampton,Crystal Palace,0,2,A,2.8,3.1,2.7
15/04/2023,Tottenham,Bournemouth,2,3,A,1.45,4.5,7.0
15/04/2023,Wolves,Brentford,2,0,H,2.45,3.1,3.0
15/04/2023,Man City,Leicester,3,1,H,1.14,8.5,15.0
16/04/2023,West Ham,Arsenal,2,2,D,6.0,4.2,1.55
16/04/2023,Nott'm Forest,Man United,0,2,A,5.5,4.0,1.62
17/04/2023,Leeds,Liverpool,1,6,A,4.2,4.2,1.73
21/04/2023,Arsenal,Southampton,3,3,D,1.2,7.0,13.0
22/04/2023,Fulham,Leeds,2,1,H,2.3,3.4,3.1
22/04/2023,Brentford,Aston Villa,1,1,D,2.5,3.25,2.88
22/04/2023,Crystal Palace,Everton,0,0,D,2.05,3.2,3.75
22/04/2023,Leicester,Wolves,2,1,H,2.38,3.3,3.0
22/04/2023,Liverpool,Nott'm Forest,3,2,H,1.17,7.5,17.0
23/04/2023,Bournemouth,West Ham,0,4,A,2.88,3.2,2.55
23/04/2023,Newcastle,Tottenham,6,1,H,1.83,3.75,4.2
25/04/2023,Wolves,Crystal Palace,2,0,H,2.45,3.2,3.0
25/04/2023,Aston Villa,Fulham,1,0,H,1.75,4.0,4.2
25/04/2023,Leeds,Leicester,1,1,D,2.3,3.5,3.0
26/04/2023,Nott'm Forest,Brighton,3,1,H,6.0,4.2,1.53
26/04/2023,Chelsea,Brentford,0,2,A,1.7,4.0,4.75
26/04/2023,West Ham,Liverpool,1,2,A,3.9,3.9,1.85
26/04/2023,Man City,Arsenal,4,1,H,1.55,4.5,5.25
27/04/2023,Everton,Newcastle,1,4,A,4.75,3.6,1.73
27/04/2023,Southampton,Bournemouth,0,1,A,2.25,3.4,3.2
27/04/2023,Tottenham,Man United,2,2,D,2.8,3.6,2.4
29/04/2023,Crystal Palace,West Ham,4,3,H,2.63,3.25,2.75
29/04/2023,Brentford,Nott'm Forest,2,1,H,1.65,3.8,5.5
29/04/2023,Brighton,Wolves,6,0,H,1.5,4.33,6.5
30/04/2023,Bournemouth,Leeds,4,1,H,2.55,3.5,2.7
30/04/2023,Fulham,Man City,1,2,A,12.0,6.0,1.25
30/04/2023,Man United,Aston Villa,1,0,H,1.73,3.9,4.6
30/04/2023,Newcastle,Southampton,3,1,H,1.3,5.25,10.0
30/04/2023,Liverpool,Tottenham,4,3,H,1.53,4.5,5.75
01/05/2023,Leicester,Everton,2,2,D,2.0,3.5,3.75
02/05/2023,Arsenal,Chelsea,3,1,H,1.6,4.0,5.5
03/05/2023,Liverpool,Fulham,1,0,H,1.25,5.75,11.0
03/05/2023,Man City,West Ham,3,0,H,1.2,7.0,13.0
04/05/2023,Brighton,Man United,1,0,H,1.95,3.5,3.75
06/05/2023,Bournemouth,Chelsea,1,3,A,3.3,3.5,2.15
06/05/2023,Man City,Leeds,2,1,H,1.17,8.5,15.0
06/05/2023,Tottenham,Crystal Palace,1,0,H,1.8,3.8,4.2
06/05/2023,Wolves,Aston Villa,1,0,H,2.88,3.3,2.5
06/05/2023,Liverpool,Brentford,1,0,H,1.44,5.0,6.0
07/05/2023,Newcastle,Arsenal,0,2,A,2.45,3.75,2.63
07/05/2023,West Ham,Man United,1,0,H,3.4,3.75,2.05
08/05/2023,Fulham,Leicester,5,3,H,2.63,3.5,2.6
08/05/2023,Brighton,Everton,1,5,A,1.33,5.25,9.0
08/05/2023,Nott'm Forest,Southampton,4,3,H,2.1,3.6,3.4
13/05/2023,Leeds,Newcastle,2,2,D,4.33,4.2,1.7
13/05/2023,Aston Villa,Tottenham,2,1,H,2.25,3.6,2.9
13/05/2023,Chelsea,Nott'm Forest,2,2,D,1.5,4.5,6.0
13/05/2023,Crystal Palace,Bournemouth,2,0,H,1.83,3.6,4.2
13/05/2023,Man United,Wolves,2,0,H,1.36,5.0,7.5
13/05/2023,Southampton,Fulham,0,2,A,2.75,3.3,2.5
14/05/2023,Brentford,West Ham,2,0,H,2.0,3.5,3.6
14/05/2023,Everton,Man City,0,3,A,9.0,4.75,1.36
14/05/2023,Arsenal,Brighton,0,3,A,1.73,4.2,4.2
15/05/2023,Leicester,Liverpool,0,3,A,5.25,4.33,1.57
18/05/2023,Newcastle,Brighton,4,1,H,2.0,3.8,3.5
20/05/2023,Tottenham,Brentford,1,3,A,1.83,3.9,4.0
20/05/2023,Bournemouth,Man United,0,1,A,6.0,4.75,1.5
20/05/2023,Fulham,Crystal Palace,2,2,D,2.45,3.4,2.9
20/05/2023,Liverpool,Aston Villa,1,1,D,1.45,5.0,6.25
20/05/2023,Wolves,Everton,1,1,D,2.75,3.3,2.6
20/05/2023,Nott'm Forest,Arsenal,1,0,H,5.25,4.33,1.57
21/05/2023,West Ham,Leeds,3,1,H,2.4,3.5,2.88
21/05/2023,Brighton,Southampton,3,1,H,1.22,7.0,11.0
21/05/2023,Man City,Chelsea,1,0,H,1.25,6.0,11.0
22/05/2023,Newcastle,Leicester,0,0,D,1.36,5.5,7.0
24/05/2023,Brighton,Man City,1,1,D,4.0,4.33,1.75
25/05/2023,Man United,Chelsea,4,1,H,1.6,4.33,5.0
28/05/2023,Arsenal,Wolves,5,0,H,1.36,5.25,8.0
28/05/2023,Aston Villa,Brighton,2,1,H,2.0,3.6,3.5
28/05/2023,Brentford,Man City,1,0,H,3.8,4.0,1.83
28/05/2023,Chelsea,Newcastle,1,1,D,2.9,3.5,2.38
28/05/2023,Crystal Palace,Nott'm Forest,1,1,D,1.67,4.0,5.0
28/05/2023,Everton,Bournemouth,1,0,H,1.5,4.5,6.5
28/05/2023,Leeds,Tottenham,1,4,A,2.75,3.8,2.3
28/05/2023,Leicester,West Ham,2,1,H,1.91,3.8,3.6
28/05/2023,Man United,Fulham,2,1,H,1.5,4.33,6.0
28/05/2023,Southampton,Liverpool,4,4,D,6.5,4.75,1.44
11/08/2023,Burnley,Man City,0,3,A,8.0,5.5,1.33
12/08/2023,Arsenal,Nott'm Forest,2,1,H,1.18,7.0,15.0
12/08/2023,Bournemouth,West Ham,1,1,D,2.7,3.4,2.55
12/08/2023,Brighton,Luton,4,1,H,1.33,5.5,9.0
12/08/2023,Everton,Fulham,0,1,A,2.2,3.4,3.3
12/08/2023,Sheffield United,Crystal Palace,0,1,A,3.0,3.3,2.38
12/08/2023,Newcastle,Aston Villa,5,1,H,1.75,3.75,4.6
13/08/2023,Brentford,Tottenham,2,2,D,2.75,3.4,2.45
13/08/2023,Chelsea,Liverpool,1,1,D,2.9,3.4,2.38
14/08/2023,Man United,Wolves,1,0,H,1.33,5.5,9.0
18/08/2023,Nott'm Forest,Sheffield United,2,1,H,1.95,3.4,4.0
19/08/2023,Fulham,Brentford,0,3,A,2.7,3.3,2.63
19/08/2023,Liverpool,Bournemouth,3,1,H,1.2,7.0,13.0
19/08/2023,Wolves,Brighton,1,4,A,4.0,3.8,1.85
19/08/2023,Tottenham,Man United,2,0,H,2.8,3.6,2.38
19/08/2023,Man City,Newcastle,1,0,H,1.67,4.0,5.0
20/08/2023,Aston Villa,Everton,4,0,H,1.7,4.0,4.5
20/08/2023,West Ham,Chelsea,3,1,H,3.75,3.5,2.0
21/08/2023,Crystal Palace,Arsenal,0,1,A,5.5,4.0,1.6
25/08/2023,Chelsea,Luton,3,0,H,1.29,5.5,11.0
26/08/2023,Bournemouth,Tottenham,0,2,A,3.8,3.75,1.91
26/08/2023,Arsenal,Fulham,2,2,D,1.2,7.0,13.0
26/08/2023,Brentford,Crystal Palace,1,1,D,2.15,3.4,3.5
26/08/2023,Everton,Wolves,0,1,A,2.3,3.3,3.2
26/08/2023,Man United,Nott'm Forest,3,2,H,1.3,6.0,8.0
26/08/2023,Brighton,West Ham,1,3,A,1.53,4.75,5.25
27/08/2023,Burnley,Aston Villa,1,3,A,3.4,3.4,2.15
27/08/2023,Sheffield United,Man City,1,2,A,13.0,8.0,1.17
27/08/2023,Newcastle,Liverpool,1,2,A,2.2,3.75,3.0
01/09/2023,Luton,West Ham,1,2,A,4.75,3.8,1.73
02/09/2023,Sheffield United,Everton,2,2,D,2.9,3.25,2.5
02/09/2023,Brentford,Bournemouth,2,2,D,1.73,3.8,4.75
02/09/2023,Burnley,Tottenham,2,5,A,3.6,4.0,1.85
02/09/2023,Chelsea,Nott'm Forest,0,1,A,1.4,4.5,8.5
02/09/2023,Man City,Fulham,5,1,H,1.17,8.0,15.0
02/09/2023,Brighton,Newcastle,3,1,H,2.5,3.8,2.55
03/09/2023,Crystal Palace,Wolves,3,2,H,1.91,3.3,4.33
03/09/2023,Liverpool,Aston Villa,3,0,H,1.65,4.5,4.5
03/09/2023,Arsenal,Man United,3,1,H,1.75,3.8,4.5
16/09/2023,Wolves,Liverpool,1,3,A,6.0,5.0,1.45
16/09/2023,Aston Villa,Crystal Palace,3,1,H,1.91,3.6,4.0
16/09/2023,Fulham,Luton,1,0,H,1.67,3.75,5.5
16/09/2023,Man United,Brighton,1,3,A,2.15,4.0,2.88
16/09/2023,Tottenham,Sheffield United,2,1,H,1.29,5.5,11.0
16/09/2023,West Ham,Man City,1,3,A,7.0,4.5,1.45
16/09/2023,Newcastle,Brentford,1,0,H,1.53,4.2,6.0
17/09/2023,Bournemouth,Chelsea,0,0,D,4.33,3.75,1.8
17/09/2023,Everton,Arsenal,0,1,A,6.0,4.5,1.5
18/09/2023,Nott'm Forest,Burnley,1,1,D,2.2,3.5,3.25
23/09/2023,Crystal Palace,Fulham,0,0,D,1.91,3.4,4.2
23/09/2023,Luton,Wolves,1,1,D,3.25,3.4,2.2
23/09/2023,Man City,Nott'm Forest,2,0,H,1.14,8.5,15.0
23/09/2023,Brentford,Everton,1,3,A,1.8,3.8,4.2
23/09/2023,Burnley,Man United,0,1,A,4.2,4.2,1.73
24/09/2023,Arsenal,Tottenham,2,2,D,1.67,4.33,4.33
24/09/2023,Brighton,Bournemouth,3,1,H,1.36,5.25,7.5
24/09/2023,Chelsea,Aston Villa,0,1,A,1.91,3.75,3.8
24/09/2023,Liverpool,West Ham,3,1,H,1.4,5.0,7.0
24/09/2023,Sheffield United,Newcastle,0,8,A,7.0,4.75,1.44
30/09/2023,Aston Villa,Brighton,6,1,H,2.55,3.75,2.55
30/09/2023,Bournemouth,Arsenal,0,4,A,5.5,4.5,1.53
30/09/2023,Everton,Luton,1,2,A,1.57,3.8,6.5
30/09/2023,Man United,Crystal Palace,0,1,A,1.55,4.2,5.75
30/09/2023,Newcastle,Burnley,2,0,H,1.3,5.75,9.0
30/09/2023,West Ham,Sheffield United,2,0,H,1.45,4.5,7.0
30/09/2023,Wolves,Man City,2,1,H,8.0,5.75,1.33
30/09/2023,Tottenham,Liverpool,2,1,H,2.9,4.0,2.15
01/10/2023,Nott'm Forest,Brentford,1,1,D,2.75,3.1,2.7
02/10/2023,Fulham,Chelsea,0,2,A,3.6,3.5,2.05
03/10/2023,Luton,Burnley,1,2,A,2.9,3.0,2.63
07/10/2023,Luton,Tottenham,0,1,A,6.0,4.75,1.45
07/10/2023,Burnley,Chelsea,1,4,A,4.5,3.8,1.73
07/10/2023,Everton,Bournemouth,3,0,H,1.91,3.6,3.8
07/10/2023,Fulham,Sheffield United,3,1,H,1.62,3.8,6.0
07/10/2023,Man United,Brentford,2,1,H,1.67,4.2,4.75
07/10/2023,Crystal Palace,Nott'm Forest,0,0,D,2.2,3.1,3.6
08/10/2023,Brighton,Liverpool,2,2,D,3.0,3.8,2.2
08/10/2023,West Ham,Newcastle,2,2,D,3.2,3.75,2.1
08/10/2023,Wolves,Aston Villa,1,1,D,3.5,3.4,2.1
08/10/2023,Arsenal,Man City,1,0,H,2.9,3.3,2.4
21/10/2023,Liverpool,Everton,2,0,H,1.33,5.75,7.5
21/10/2023,Bournemouth,Wolves,1,2,A,2.38,3.4,3.0
21/10/2023,Brentford,Burnley,3,0,H,1.83,3.75,4.2
21/10/2023,Man City,Brighton,2,1,H,1.4,5.25,6.5
21/10/2023,Newcastle,Crystal Palace,4,0,H,1.45,4.5,7.0
21/10/2023,Nott'm Forest,Luton,2,2,D,1.67,3.75,5.5
21/10/2023,Chelsea,Arsenal,2,2,D,3.2,3.4,2.25
21/10/2023,Sheffield United,Man United,1,2,A,6.5,5.25,1.4
22/10/2023,Aston Villa,West Ham,4,1,H,1.85,3.6,4.0
23/10/2023,Tottenham,Fulham,2,0,H,1.5,4.5,6.0
27/10/2023,Crystal Palace,Tottenham,1,2,A,4.5,3.75,1.75
28/10/2023,Chelsea,Brentford,0,2,A,1.65,4.0,5.25
28/10/2023,Arsenal,Sheffield United,5,0,H,1.13,8.5,19.0
28/10/2023,Bournemouth,Burnley,2,1,H,2.15,3.5,3.3
28/10/2023,Wolves,Newcastle,2,2,D,4.2,4.0,1.75
29/10/2023,West Ham,Everton,0,1,A,2.15,3.5,3.3
29/10/2023,Aston Villa,Luton,3,1,H,1.25,6.5,9.5
29/10/2023,Brighton,Fulham,1,1,D,1.55,4.2,5.5
29/10/2023,Liverpool,Nott'm Forest,3,0,H,1.29,5.75,11.0
29/10/2023,Man United,Man City,0,3,A,5.0,3.8,1.67
04/11/2023,Fulham,Man United,0,1,A,3.2,3.6,2.2
04/11/2023,Brentford,West Ham,3,2,H,2.05,3.6,3.5
04/11/2023,Burnley,Crystal Palace,0,2,A,2.75,3.25,2.6
04/11/2023,Everton,Brighton,1,1,D,3.1,3.6,2.2
04/11/2023,Man City,Bournemouth,6,1,H,1.1,11.0,19.0
04/11/2023,Sheffield United,Wolves,2,1,H,3.8,3.5,2.0
04/11/2023,Newcastle,Arsenal,1,0,H,2.8,3.2,2.6
05/11/2023,Nott'm Forest,Aston Villa,2,0,H,4.2,3.75,1.85
05/11/2023,Luton,Liverpool,1,1,D,12.0,6.5,1.22
06/11/2023,Tottenham,Chelsea,1,4,A,2.0,3.75,3.5
11/11/2023,Wolves,Tottenham,2,1,H,3.1,3.75,2.2
11/11/2023,Arsenal,Burnley,3,1,H,1.18,7.0,17.0
11/11/2023,Crystal Palace,Everton,2,3,A,2.45,3.2,3.0
11/11/2023,Man United,Luton,1,0,H,1.33,5.25,9.5
11/11/2023,Bournemouth,Newcastle,2,0,H,4.75,4.0,1.73
12/11/2023,Aston Villa,Fulham,3,1,H,1.57,4.2,5.5
12/11/2023,Brighton,Sheffield United,1,1,D,1.25,5.75,13.0
12/11/2023,Liverpool,Brentford,3,0,H,1.4,5.0,6.5
12/11/2023,West Ham,Nott'm Forest,3,2,H,1.85,3.6,4.0
12/11/2023,Chelsea,Man City,4,4,D,5.0,3.7,1.73
25/11/2023,Man City,Liverpool,1,1,D,1.73,4.2,4.2
25/11/2023,Burnley,West Ham,1,2,A,3.4,3.5,2.05
25/11/2023,Luton,Crystal Palace,2,1,H,3.6,3.3,2.1
25/11/2023,Newcastle,Chelsea,4,1,H,2.55,3.5,2.63
25/11/2023,Nott'm Forest,Brighton,2,3,A,3.2,3.6,2.15
25/11/2023,Sheffield United,Bournemouth,1,3,A,3.2,3.5,2.2
25/11/2023,Brentford,Arsenal,0,1,A,4.5,3.75,1.75
26/11/2023,Tottenham,Aston Villa,1,2,A,2.3,3.8,2.8
26/11/2023,Everton,Man United,0,3,A,2.7,3.4,2.55
27/11/2023,Fulham,Wolves,3,2,H,2.38,3.3,3.0
02/12/2023,Arsenal,Wolves,2,1,H,1.25,5.5,12.0
02/12/2023,Brentford,Luton,3,1,H,1.45,4.5,6.5
02/12/2023,Burnley,Sheffield United,5,0,H,1.8,3.6,4.5
02/12/2023,Nott'm Forest,Everton,0,1,A,2.75,3.25,2.6
02/12/2023,Newcastle,Man United,1,0,H,1.91,3.75,3.8
03/12/2023,Bournemouth,Aston Villa,2,2,D,3.4,4.0,1.95
03/12/2023,Chelsea,Brighton,3,2,H,1.73,4.2,4.2
03/12/2023,Liverpool,Fulham,4,3,H,1.25,6.5,9.0
03/12/2023,West Ham,Crystal Palace,1,1,D,2.0,3.5,3.8
03/12/2023,Man City,Tottenham,3,3,D,1.29,6.0,9.0
05/12/2023,Wolves,Burnley,1,0,H,1.85,3.6,4.2
05/12/2023,Luton,Arsenal,3,4,A,17.0,7.0,1.18
06/12/2023,Brighton,Brentford,2,1,H,1.91,3.8,3.75
06/12/2023,Crystal Palace,Bournemouth,0,2,A,2.25,3.5,3.1
06/12/2023,Fulham,Nott'm Forest,5,0,H,2.0,3.4,3.75
06/12/2023,Sheffield United,Liverpool,0,2,A,12.0,7.5,1.2
06/12/2023,Aston Villa,Man City,1,0,H,4.75,4.2,1.7
06/12/2023,Man United,Chelsea,2,1,H,2.88,3.4,2.45
07/12/2023,Everton,Newcastle,3,0,H,3.25,3.25,2.25
07/12/2023,Tottenham,West Ham,1,2,A,1.75,4.2,4.2
09/12/2023,Crystal Palace,Liverpool,1,2,A,6.0,4.5,1.5
09/12/2023,Brighton,Burnley,1,1,D,1.5,4.75,6.0
09/12/2023,Man United,Bournemouth,0,3,A,1.55,4.33,5.75
09/12/2023,Sheffield United,Brentford,1,0,H,4.2,3.8,1.75
09/12/2023,Wolves,Nott'm Forest,1,1,D,1.85,3.6,4.33
09/12/2023,Aston Villa,Arsenal,1,0,H,3.3,3.6,2.1
10/12/2023,Everton,Chelsea,2,0,H,3.1,3.5,2.25
10/12/2023,Fulham,West Ham,5,0,H,2.38,3.5,2.9
10/12/2023,Luton,Man City,1,2,A,17.0,8.0,1.14
10/12/2023,Tottenham,Newcastle,4,1,H,2.15,3.8,3.1
15/12/2023,Nott'm Forest,Tottenham,0,2,A,4.2,4.2,1.73
16/12/2023,Chelsea,Sheffield United,2,0,H,1.22,6.5,13.0
16/12/2023,Man City,Crystal Palace,2,2,D,1.18,8.0,13.0
16/12/2023,Newcastle,Fulham,3,0,H,1.8,3.8,4.0
16/12/2023,Burnley,Everton,0,2,A,3.6,3.4,2.1
17/12/2023,Arsenal,Brighton,2,0,H,1.44,5.0,6.0
17/12/2023,Brentford,Aston Villa,1,2,A,3.2,3.75,2.1
17/12/2023,West Ham,Wolves,3,0,H,2.15,3.5,3.3
17/12/2023,Liverpool,Man United,0,0,D,1.3,6.0,8.0
21/12/2023,Crystal Palace,Brighton,1,1,D,3.3,3.3,2.15
22/12/2023,Aston Villa,Sheffield United,1,1,D,1.22,6.5,12.0
23/12/2023,West Ham,Man United,2,0,H,2.6,3.6,2.6
23/12/2023,Fulham,Burnley,0,2,A,1.67,3.75,5.25
23/12/2023,Luton,Newcastle,1,0,H,4.75,4.2,1.65
23/12/2023,Nott'm Forest,Bournemouth,2,3,A,2.75,3.4,2.55
23/12/2023,Tottenham,Everton,2,1,H,1.75,4.2,4.0
23/12/2023,Liverpool,Arsenal,1,1,D,2.38,3.6,2.8
24/12/2023,Wolves,Chelsea,2,1,H,3.75,3.75,1.91
26/12/2023,Newcastle,Nott'm Forest,1,3,A,1.5,4.33,5.75
26/12/2023,Bournemouth,Fulham,3,0,H,2.15,3.6,3.2
26/12/2023,Sheffield United,Luton,2,3,A,2.3,3.3,3.1
26/12/2023,Burnley,Liverpool,0,2,A,6.5,5.25,1.4
26/12/2023,Man United,Aston Villa,3,2,H,2.6,3.5,2.6
27/12/2023,Brentford,Wolves,1,4,A,1.95,3.5,4.2
27/12/2023,Chelsea,Crystal Palace,2,1,H,1.67,4.0,5.0
27/12/2023,Everton,Man City,1,3,A,5.75,4.0,1.57
28/12/2023,Brighton,Tottenham,4,2,H,2.5,3.6,2.6
28/12/2023,Arsenal,West Ham,0,2,A,1.33,5.5,7.5
30/12/2023,Luton,Chelsea,2,3,A,6.5,4.2,1.5
30/12/2023,Aston Villa,Burnley,3,2,H,1.36,5.25,7.5
30/12/2023,Crystal Palace,Brentford,3,1,H,2.2,3.3,3.4
30/12/2023,Man City,Sheffield United,2,0,H,1.08,11.0,29.0
30/12/2023,Wolves,Everton,3,0,H,2.63,3.3,2.7
30/12/2023,Nott'm Forest,Man United,2,1,H,3.2,3.6,2.15
31/12/2023,Fulham,Arsenal,2,1,H,5.25,4.5,1.55
31/12/2023,Tottenham,Bournemouth,3,1,H,1.75,4.2,4.0
01/01/2024,Liverpool,Newcastle,4,2,H,1.45,4.5,7.0
02/01/2024,West Ham,Brighton,0,0,D,2.45,3.75,2.75
12/01/2024,Burnley,Luton,1,1,D,2.0,3.6,3.6
13/01/2024,Chelsea,Fulham,1,0,H,1.6,4.2,5.25
13/01/2024,Newcastle,Man City,2,3,A,5.5,4.33,1.55
14/01/2024,Everton,Aston Villa,0,0,D,2.8,3.5,2.45
14/01/2024,Man United,Tottenham,2,2,D,2.2,3.75,3.0
20/01/2024,Arsenal,Crystal Palace,5,0,H,1.3,5.75,9.0
20/01/2024,Brentford,Nott'm Forest,3,2,H,1.91,3.6,4.0
21/01/2024,Sheffield United,West Ham,2,2,D,3.4,3.3,2.2
21/01/2024,Bournemouth,Liverpool,0,4,A,4.2,4.5,1.7
22/01/2024,Brighton,Wolves,0,0,D,1.65,4.33,5.0
30/01/2024,Nott'm Forest,Arsenal,1,2,A,7.5,5.0,1.4
30/01/2024,Fulham,Everton,0,0,D,2.45,3.2,3.0
30/01/2024,Luton,Brighton,4,0,H,4.2,4.2,1.75
30/01/2024,Crystal Palace,Sheffield United,3,2,H,1.62,3.6,6.5
30/01/2024,Aston Villa,Newcastle,1,3,A,1.85,4.0,3.8
31/01/2024,Man City,Burnley,3,1,H,1.08,12.0,21.0
31/01/2024,Tottenham,Brentford,3,2,H,1.67,4.2,4.75
31/01/2024,Liverpool,Chelsea,4,1,H,1.57,4.33,5.25
01/02/2024,West Ham,Bournemouth,1,1,D,2.4,3.75,2.75
01/02/2024,Wolves,Man United,3,4,A,2.63,3.6,2.55
03/02/2024,Everton,Tottenham,2,2,D,3.0,3.6,2.25
03/02/2024,Brighton,Crystal Palace,4,1,H,1.7,4.0,4.75
03/02/2024,Burnley,Fulham,2,2,D,2.9,3.4,2.38
03/02/2024,Newcastle,Luton,4,4,D,1.44,4.75,6.5
03/02/2024,Sheffield United,Aston Villa,0,5,A,5.25,4.2,1.62
04/02/2024,Bournemouth,Nott'm Forest,1,1,D,1.7,4.2,4.5
04/02/2024,Chelsea,Wolves,2,4,A,1.62,4.0,5.5
04/02/2024,Man United,West Ham,3,0,H,1.62,4.2,5.0
04/02/2024,Arsenal,Liverpool,3,1,H,2.2,3.6,3.1
05/02/2024,Brentford,Man City,1,3,A,7.0,4.75,1.4
10/02/2024,Man City,Everton,2,0,H,1.18,8.0,13.0
10/02/2024,Fulham,Bournemouth,3,1,H,2.38,3.5,2.8
10/02/2024,Liverpool,Burnley,3,1,H,1.17,8.0,17.0
10/02/2024,Luton,Sheffield United,1,3,A,1.75,3.75,4.75
10/02/2024,Tottenham,Brighton,2,1,H,1.8,4.2,3.8
10/02/2024,Wolves,Brentford,0,2,A,2.1,3.6,3.4
10/02/2024,Nott'm Forest,Newcastle,2,3,A,3.3,3.75,2.05
11/02/2024,West Ham,Arsenal,0,6,A,6.0,4.33,1.53
11/02/2024,Aston Villa,Man United,1,2,A,2.15,3.75,3.1
12/02/2024,Crystal Palace,Chelsea,1,3,A,4.2,3.8,1.85
17/02/2024,Brentford,Liverpool,1,4,A,5.5,4.33,1.57
17/02/2024,Burnley,Arsenal,0,5,A,10.0,5.75,1.29
17/02/2024,Fulham,Aston Villa,1,2,A,2.9,3.75,2.2
17/02/2024,Newcastle,Bournemouth,2,2,D,1.83,4.2,3.75
17/02/2024,Nott'm Forest,West Ham,2,0,H,2.38,3.5,2.9
17/02/2024,Tottenham,Wolves,1,2,A,1.53,4.75,5.25
17/02/2024,Man City,Chelsea,1,1,D,1.33,5.5,8.0
18/02/2024,Sheffield United,Brighton,0,5,A,5.0,4.2,1.62
18/02/2024,Luton,Man United,1,2,A,4.0,4.0,1.8
19/02/2024,Everton,Crystal Palace,1,1,D,1.7,3.6,5.25
20/02/2024,Man City,Brentford,1,0,H,1.18,8.0,13.0
21/02/2024,Liverpool,Luton,4,1,H,1.2,7.0,13.0
24/02/2024,Aston Villa,Nott'm Forest,4,2,H,1.53,4.5,5.75
24/02/2024,Brighton,Everton,1,1,D,1.83,3.8,4.2
24/02/2024,Crystal Palace,Burnley,3,0,H,1.95,3.5,4.0
24/02/2024,Man United,Fulham,1,2,A,1.57,4.33,5.5
24/02/2024,Bournemouth,Man City,0,1,A,7.0,5.25,1.4
24/02/2024,Arsenal,Newcastle,4,1,H,1.36,5.25,8.0
25/02/2024,Wolves,Sheffield United,1,0,H,1.44,4.75,7.0
26/02/2024,West Ham,Brentford,4,2,H,2.5,3.5,2.75
02/03/2024,Brentford,Chelsea,2,2,D,3.1,3.75,2.15
02/03/2024,Everton,West Ham,1,3,A,2.05,3.6,3.5
02/03/2024,Fulham,Brighton,3,0,H,2.55,3.6,2.63
02/03/2024,Newcastle,Wolves,3,0,H,1.91,4.0,3.6
02/03/2024,Nott'm Forest,Liverpool,0,1,A,6.0,4.33,1.53
02/03/2024,Tottenham,Crystal Palace,3,1,H,1.5,4.33,6.5
02/03/2024,Luton,Aston Villa,2,3,A,4.33,4.2,1.73
03/03/2024,Burnley,Bournemouth,0,2,A,3.75,3.6,1.95
03/03/2024,Man City,Man United,3,1,H,1.25,5.75,11.0
04/03/2024,Sheffield United,Arsenal,0,6,A,17.0,7.0,1.18
09/03/2024,Man United,Everton,2,0,H,1.83,3.6,4.0
09/03/2024,Bournemouth,Sheffield United,2,2,D,1.33,5.25,8.0
09/03/2024,Crystal Palace,Luton,1,1,D,1.75,3.8,4.2
09/03/2024,Wolves,Fulham,2,1,H,2.5,3.4,2.75
09/03/2024,Arsenal,Brentford,2,1,H,1.22,7.0,11.0
10/03/2024,Aston Villa,Tottenham,0,4,A,2.38,4.0,2.6
10/03/2024,Brighton,Nott'm Forest,1,0,H,1.8,4.0,4.0
10/03/2024,West Ham,Burnley,2,2,D,1.67,4.0,4.75
10/03/2024,Liverpool,Man City,1,1,D,3.0,3.75,2.2
11/03/2024,Chelsea,Newcastle,3,2,H,1.91,4.0,3.6
13/03/2024,Bournemouth,Luton,4,3,H,1.5,4.75,5.75
16/03/2024,Burnley,Brentford,2,1,H,3.25,3.6,2.15
16/03/2024,Luton,Nott'm Forest,1,1,D,2.8,3.5,2.45
16/03/2024,Fulham,Tottenham,3,0,H,3.5,3.8,1.95
17/03/2024,West Ham,Aston Villa,1,1,D,2.63,3.75,2.45
30/03/2024,Newcastle,West Ham,4,3,H,1.83,4.2,3.8
30/03/2024,Bournemouth,Everton,2,1,H,2.2,3.6,3.2
30/03/2024,Chelsea,Burnley,2,2,D,1.29,6.0,9.5
30/03/2024,Nott'm Forest,Crystal Palace,1,1,D,2.2,3.3,3.4
30/03/2024,Sheffield United,Fulham,3,3,D,4.5,4.0,1.73
30/03/2024,Tottenham,Luton,2,1,H,1.2,8.0,11.0
30/03/2024,Aston Villa,Wolves,2,0,H,1.6,4.33,5.0
30/03/2024,Brentford,Man United,1,1,D,3.0,3.8,2.2
31/03/2024,Liverpool,Brighton,2,1,H,1.36,5.5,7.5
31/03/2024,Man City,Arsenal,0,0,D,1.91,3.8,3.8
02/04/2024,Newcastle,Everton,1,1,D,2.0,3.75,3.5
02/04/2024,Nott'm Forest,Fulham,3,1,H,2.7,3.4,2.63
02/04/2024,Bournemouth,Crystal Palace,1,0,H,1.95,3.8,3.6
02/04/2024,Burnley,Wolves,1,1,D,2.45,3.6,2.75
02/04/2024,West Ham,Tottenham,1,1,D,3.3,4.2,1.95
03/04/2024,Arsenal,Luton,2,0,H,1.1,10.0,19.0
03/04/2024,Brentford,Brighton,0,0,D,2.38,3.8,2.75
03/04/2024,Man City,Aston Villa,4,1,H,1.3,6.0,8.0
04/04/2024,Liverpool,Sheffield United,3,1,H,1.09,12.0,21.0
04/04/2024,Chelsea,Man United,4,3,H,2.0,4.0,3.4
06/04/2024,Crystal Palace,Man City,2,4,A,9.5,5.25,1.33
06/04/2024,Aston Villa,Brentford,3,3,D,1.7,4.0,4.75
06/04/2024,Everton,Burnley,1,0,H,1.65,4.0,5.25
06/04/2024,Fulham,Newcastle,0,1,A,2.38,3.8,2.8
06/04/2024,Luton,Bournemouth,2,1,H,3.75,3.8,1.91
06/04/2024,Wolves,West Ham,1,2,A,2.5,3.6,2.7
06/04/2024,Brighton,Arsenal,0,3,A,5.0,4.33,1.62
07/04/2024,Man United,Liverpool,2,2,D,4.75,4.5,1.6
07/04/2024,Sheffield United,Chelsea,2,2,D,7.0,5.25,1.4
07/04/2024,Tottenham,Nott'm Forest,3,1,H,1.4,5.5,6.5
13/04/2024,Newcastle,Tottenham,4,0,H,2.7,4.0,2.3
13/04/2024,Brentford,Sheffield United,2,0,H,1.44,5.0,6.5
13/04/2024,Burnley,Brighton,1,1,D,3.5,3.75,2.0
13/04/2024,Man City,Luton,5,1,H,1.1,11.0,19.0
13/04/2024,Nott'm Forest,Wolves,2,2,D,2.1,3.4,3.5
13/04/2024,Bournemouth,Man United,2,2,D,2.4,3.9,2.6
14/04/2024,Liverpool,Crystal Palace,0,1,A,1.22,7.0,12.0
14/04/2024,West Ham,Fulham,0,2,A,2.38,3.6,2.8
14/04/2024,Arsenal,Aston Villa,0,2,A,1.29,5.75,10.0
15/04/2024,Chelsea,Everton,6,0,H,1.7,4.2,4.5
20/04/2024,Luton,Brentford,1,5,A,3.1,3.75,2.15
20/04/2024,Sheffield United,Burnley,1,4,A,2.75,3.6,2.45
20/04/2024,Wolves,Arsenal,0,2,A,8.5,4.5,1.4
21/04/2024,Everton,Nott'm Forest,2,0,H,2.05,3.5,3.6
21/04/2024,Aston Villa,Bournemouth,3,1,H,1.85,4.0,3.6
21/04/2024,Crystal Palace,West Ham,5,2,H,2.1,3.6,3.4
21/04/2024,Fulham,Liverpool,1,3,A,5.25,4.5,1.57
23/04/2024,Arsenal,Chelsea,5,0,H,1.44,5.0,6.0
24/04/2024,Wolves,Bournemouth,0,1,A,2.7,3.6,2.5
24/04/2024,Crystal Palace,Newcastle,2,0,H,2.75,3.6,2.4
24/04/2024,Everton,Liverpool,2,0,H,7.0,5.0,1.4
24/04/2024,Man United,Sheffield United,4,2,H,1.3,6.5,7.5
25/04/2024,Brighton,Man City,0,4,A,6.5,5.0,1.4
27/04/2024,West Ham,Liverpool,2,2,D,5.5,5.0,1.5
27/04/2024,Fulham,Crystal Palace,1,1,D,2.1,3.5,3.5
27/04/2024,Man United,Burnley,1,1,D,1.5,4.75,5.5
27/04/2024,Newcastle,Sheffield United,5,1,H,1.22,7.0,11.0
27/04/2024,Wolves,Luton,2,1,H,1.95,3.8,3.6
27/04/2024,Everton,Brentford,1,0,H,2.3,3.5,3.0
27/04/2024,Aston Villa,Chelsea,2,2,D,2.15,3.8,3.0
28/04/2024,Bournemouth,Brighton,3,0,H,2.25,3.8,2.9
28/04/2024,Tottenham,Arsenal,2,3,A,4.2,4.2,1.75
28/04/2024,Nott'm Forest,Man City,0,2,A,8.0,6.0,1.3
02/05/2024,Chelsea,Tottenham,2,0,H,2.15,3.8,3.0
03/05/2024,Luton,Everton,1,1,D,2.6,3.6,2.55
04/05/2024,Arsenal,Bournemouth,3,0,H,1.22,7.5,11.0
04/05/2024,Brentford,Fulham,0,0,D,2.1,3.8,3.2
04/05/2024,Burnley,Newcastle,1,4,A,3.4,4.0,1.95
04/05/2024,Sheffield United,Nott'm Forest,1,3,A,4.75,4.2,1.65
04/05/2024,Man City,Wolves,5,1,H,1.08,12.0,21.0
05/05/2024,Brighton,Aston Villa,1,0,H,2.75,3.75,2.45
05/05/2024,Chelsea,West Ham,5,0,H,1.65,4.5,4.5
05/05/2024,Liverpool,Tottenham,4,2,H,1.5,5.75,5.0
06/05/2024,Crystal Palace,Man United,4,0,H,2.38,3.75,2.8
11/05/2024,Fulham,Man City,0,4,A,13.0,7.0,1.2
11/05/2024,Bournemouth,Brentford,1,2,A,1.95,4.0,3.5
11/05/2024,Everton,Sheffield United,1,0,H,1.4,4.8,7.5
11/05/2024,Newcastle,Brighton,1,1,D,1.57,4.75,4.75
11/05/2024,Tottenham,Burnley,2,1,H,1.36,5.75,7.0
11/05/2024,West Ham,Luton,3,1,H,1.8,4.2,3.8
11/05/2024,Wolves,Crystal Palace,1,3,A,2.88,3.5,2.38
11/05/2024,Nott'm Forest,Chelsea,2,3,A,3.4,3.8,2.0
12/05/2024,Man United,Arsenal,0,1,A,7.0,5.5,1.36
13/05/2024,Aston Villa,Liverpool,3,3,D,4.2,4.33,1.7
14/05/2024,Tottenham,Man City,0,2,A,6.5,6.0,1.36
15/05/2024,Brighton,Chelsea,1,2,A,3.3,4.0,1.95
15/05/2024,Man United,Newcastle,3,2,H,2.75,4.0,2.3
19/05/2024,Arsenal,Everton,2,1,H,1.18,8.0,12.0
19/05/2024,Brentford,Newcastle,2,4,A,2.9,3.9,2.2
19/05/2024,Brighton,Man United,0,2,A,2.15,4.0,2.9
19/05/2024,Burnley,Nott'm Forest,1,2,A,3.0,3.5,2.3
19/05/2024,Chelsea,Bournemouth,2,1,H,1.45,5.0,6.0
19/05/2024,Crystal Palace,Aston Villa,5,0,H,1.85,4.33,3.6
19/05/2024,Liverpool,Wolves,2,0,H,1.17,8.0,15.0
19/05/2024,Luton,Fulham,2,4,A,2.9,3.9,2.2
19/05/2024,Man City,West Ham,3,1,H,1.08,12.0,21.0
19/05/2024,Sheffield United,Tottenham,0,3,A,7.0,6.0,1.33
